system_id,plot_id,t,x,y,z,sig_x,sig_y,sig_z,target_id,latitude,longitude,altitude,STN
1,1001,5.0,4487727.558269283,3082387.845508761,3323096.339087818,500,500,500,1,31.570154827524103,34.48315823614219,6072.8620931888,1
1,1002,6.5,4488442.79184747,3082696.225537793,3325460.188747059,500,500,500,1,31.584692333713463,34.48157203991589,7961.703858794644,1
1,1003,8.0,4488787.839140728,3082624.5164249567,3327968.659014105,500,500,500,1,31.60278561477519,34.47889466199248,9483.56725745648,1
1,1004,9.5,4489229.131530003,3083262.0474271774,3330135.95744579,500,500,500,1,31.61598498851559,34.481795417362925,11236.67721200548,1
1,1005,11.0,4491144.144408335,3083923.8767901063,3331698.753608169,500,500,500,1,31.61874683031564,34.476130818718154,13719.309909572825,1
1,1006,12.5,4490865.813838391,3084382.501587888,3333650.9454005267,500,500,500,1,31.633562378663303,34.48176385405248,14768.697606427597,1
1,1007,14.0,4491992.771573942,3084538.766113491,3335339.7250673566,500,500,500,1,31.64169616291186,34.47640961934534,16520.778499871492,1
1,1008,15.5,4491657.458197369,3085838.628488988,3337509.3480429263,500,500,500,1,31.656139373171744,34.48967145880529,18050.40139277652,1
1,1009,17.0,4492659.876623496,3087056.614818261,3339211.80803155,500,500,500,1,31.66201494936567,34.49425709633792,20234.30247418676,1
1,1010,18.5,4493011.648050992,3086462.863587517,3341004.5008521457,500,500,500,1,31.675949016873727,34.48701943321309,21136.09050832875,1
1,1011,20.0,4493894.306847877,3086846.2180847498,3342198.362544568,500,500,500,1,31.680622033372305,34.485087867431524,22566.911378718916,1
1,1012,21.5,4495048.884413064,3088360.9907058966,3343994.9263057783,500,500,500,1,31.68581975610726,34.49133747299587,25050.219156901352,1
1,1013,23.0,4495675.746630507,3089216.4973530024,3346313.1586408284,500,500,500,1,31.698812655983957,34.49501526138212,27119.96834994201,1
1,1014,24.5,4496281.090577213,3089841.960680981,3347134.9819512125,500,500,500,1,31.70106578725907,34.496828613230115,28277.66868772544,1
1,1015,26.0,4496868.65872751,3089667.015715037,3349078.034399954,500,500,500,1,31.714088732984727,34.49181987201491,29626.601438152604,1
1,1016,27.5,4497014.179111828,3090455.934658394,3350958.609409809,500,500,500,1,31.725772455883373,34.49778224218205,31097.41848377697,1
1,1017,29.0,4498031.484024842,3090535.3307173816,3352261.6518357475,500,500,500,1,31.731548991191985,34.49242014967334,32534.06051711738,1
1,1018,30.5,4498078.586575083,3091185.7305237697,3353269.359354011,500,500,500,1,31.7373169972345,34.49776761669865,33410.389559053816,1
1,1019,32.0,4497512.744211371,3092311.905946174,3356155.126781286,500,500,500,1,31.758519526716693,34.51087498428313,35074.790394793265,1
1,1020,33.5,4498980.196543493,3092539.11160923,3356689.3416762976,500,500,500,1,31.756277767924388,34.50411431955145,36493.61722011119,1
1,1021,35.0,4499242.827822294,3093061.6783557064,3358731.9482702045,500,500,500,1,31.769430274837543,34.50707223715008,38004.5607099114,1
1,1022,36.5,4500011.385707862,3093916.482201701,3361018.1480301325,500,500,500,1,31.78157586374742,34.50989466814366,40158.54340204224,1
1,1023,38.0,4500741.123935688,3094726.529948028,3362807.4742967696,500,500,500,1,31.790200215138395,34.51255981144962,42002.31141726114,1
1,1024,39.5,4501217.185118999,3094199.2137242844,3363908.059983649,500,500,500,1,31.798139058605443,34.50517261068066,42661.68898450304,1
1,1025,41.0,4502370.674187311,3095303.2871796624,3365741.570567034,500,500,500,1,31.804657279578063,34.50786147806284,44967.31990074366,1
1,1026,42.5,4501854.090997075,3095376.951808946,3368042.6110240105,500,500,500,1,31.82397867208298,34.511567253240315,45854.09309144225,1
1,1027,44.0,4502467.244312855,3096297.5485585663,3368678.747631921,500,500,500,1,31.823970077187383,34.515878691142355,47062.0175383836,1
1,1028,45.5,4502901.039843968,3096790.951286172,3368995.077082704,500,500,500,1,31.82336919367716,34.51756396355139,47770.07638990413,1
1,1029,47.0,4502915.389902492,3097531.701441012,3370785.2458899,500,500,500,1,31.834944928167506,34.523877127502445,49080.89638223965,1
1,1030,48.5,4504209.711512729,3097611.9163429267,3372575.0470243613,500,500,500,1,31.843301776374712,34.516881281432504,50969.660375962034,1
1,1031,50.0,4503784.130990017,3097410.600622789,3373568.8863350884,500,500,500,1,31.85304854091355,34.51767035880537,51099.31021936983,1
1,1032,51.5,4504295.28884784,3098988.7419616464,3376045.2693072325,500,500,500,1,31.865650998799715,34.528261599137885,53523.77707346343,1
1,1033,53.0,4506518.296680142,3099497.2311684065,3376435.5259046666,500,500,500,1,31.85860954737268,34.51945055042931,55530.09024534002,1
1,1034,54.5,4505666.371389483,3098499.142663908,3378260.096744292,500,500,500,1,31.87844594314685,34.51589241279546,55416.95410170965,1
1,1035,56.0,4506268.806049147,3100161.388014634,3379374.3973054187,500,500,500,1,31.88011375420984,34.52666378273492,57226.8614956066,1
1,1036,57.5,4505644.739083989,3099999.9925398408,3381259.0664252667,500,500,500,1,31.897275201486124,34.5289763973721,57708.26132164989,1
1,1037,59.0,4507624.680116288,3100837.323155849,3382224.530456113,500,500,500,1,31.89465737953224,34.52444766186077,60006.22556607891,1
1,1038,60.5,4508261.3148464365,3100876.921616548,3383425.783157737,500,500,500,1,31.9011860470108,34.52101107521189,61105.34570507705,1
1,1039,62.0,4507914.739527904,3100982.1032578363,3383909.719290533,500,500,500,1,31.90592232768907,34.52397527073484,61169.29645819031,1
1,1040,63.5,4508428.500380302,3101477.387539759,3385127.511584416,500,500,500,1,31.911831974272644,34.525199091899026,62410.59138969518,1
1,1041,65.0,4508319.787748257,3103091.4845762635,3387022.365626342,500,500,500,1,31.92229707516907,34.53976563224511,64113.02126592491,1
1,1042,66.5,4508486.104813712,3103087.981707641,3387918.1646079887,500,500,500,1,31.92844744037348,34.538748268159175,64701.32537510991,1
1,1043,68.0,4509301.630587852,3103175.3708789805,3389467.964276944,500,500,500,1,31.936782325115534,34.5346620474166,66133.23131130543,1
1,1044,69.5,4509832.2747670375,3103912.016673745,3390966.915114034,500,500,500,1,31.94409859087611,34.53786460430619,67651.57398093306,1
1,1045,71.0,4509404.646964532,3104417.0246106363,3391671.5387031897,500,500,500,1,31.949744850179915,34.54475562135851,67968.49100901559,1
1,1046,72.5,4510458.778868964,3104357.9906788794,3392410.037366392,500,500,500,1,31.95139396790676,34.53799200212926,69067.6560304882,1
1,1047,74.0,4510481.925922879,3104915.748858744,3394434.722231589,500,500,500,1,31.96513425254168,34.54266211424632,70423.81122407131,1
1,1048,75.5,4510887.374856712,3105266.947019746,3394148.1593797496,500,500,500,1,31.960448761609477,34.54328342917225,70724.39730392024,1
1,1049,77.0,4511304.502104335,3105619.5316538364,3395383.8581526703,500,500,500,1,31.96723210406847,34.5438472950595,71839.6630484499,1
1,1050,78.5,4511068.616000932,3105352.398803436,3396443.35631029,500,500,500,1,31.9768793554191,34.54294464528132,72107.35341423377,1
1,1051,80.0,4512468.586095693,3106033.9683222827,3397808.3634768985,500,500,500,1,31.979932757481137,34.54051390077368,74136.24702277035,1
1,1052,81.5,4511772.785003264,3106214.239214339,3398285.6260656025,500,500,500,1,31.985764878233564,34.546193690329744,73989.60698367376,1
1,1053,83.0,4512664.229939788,3106797.3593408028,3399525.830515863,500,500,500,1,31.99011241174781,34.54593000532847,75549.82109863311,1
1,1054,84.5,4512179.564784985,3107576.8702420583,3400831.5066285683,500,500,500,1,31.99977810432628,34.55551875090631,76278.014983939,1
1,1055,86.0,4512775.43734128,3108406.424513556,3400868.28297255,500,500,500,1,31.99551720519634,34.55912836203708,77112.73879689444,1
1,1056,87.5,4513989.386148791,3107998.9439211464,3402137.8087439174,500,500,500,1,32.00148020104628,34.54842088933958,78437.35064100567,1
1,1057,89.0,4514271.891694935,3108896.268864562,3401771.2708986,500,500,500,1,31.995210691853227,34.5544718637072,78872.04008255899,1
1,1058,90.5,4515723.765279886,3108805.635484409,3404468.512985129,500,500,500,1,32.01018011357523,34.545085571899605,81271.95609725546,1
1,1059,92.0,4513843.991673451,3109082.645669469,3403704.2032052632,500,500,500,1,32.01097528987103,34.55861354203832,79687.23062526621,1
1,1060,93.5,4514831.689955525,3109865.336300196,3405615.9780638376,500,500,500,1,32.01947430685007,34.559494690931295,81766.90328989085,1
1,1061,95.0,4514645.149424866,3110078.247954154,3405616.5895528165,500,500,500,1,32.01963394985541,34.562433136311014,81739.38413510285,1
1,1062,96.5,4515057.137478931,3110275.590511014,3406084.812632577,500,500,500,1,32.02103830947863,34.56168897472975,82370.22477045003,1
1,1063,98.0,4515581.014688763,3110338.5134054497,3407805.279916357,500,500,500,1,32.031817534215286,34.55912494603446,83678.63448533323,1
1,1064,99.5,4515186.037105918,3110712.6252996754,3407745.07029548,500,500,500,1,32.03189685074169,34.56468574871756,83550.87223607115,1
1,1065,101.0,4515592.77756925,3110085.699473294,3409058.008597111,500,500,500,1,32.041900778499816,34.5568795580671,84229.80841315538,1
1,1066,102.5,4516180.853519293,3111809.9640141227,3408671.7676494303,500,500,500,1,32.03208282123741,34.568229850654795,85264.66466008313,1
1,1067,104.0,4516264.58106726,3111074.0327178435,3410713.1352042784,500,500,500,1,32.04912582517404,34.56140224299396,86052.17508910224,1
1,1068,105.5,4515763.505413065,3113004.304330236,3411129.297853833,500,500,500,1,32.04904100733166,34.58097725475997,86851.6596929254,1
1,1069,107.0,4516112.42551405,3113077.354895071,3411994.108522597,500,500,500,1,32.054009725278874,34.57953687529835,87589.22745791916,1
1,1070,108.5,4516567.685960934,3112539.355907815,3412276.923402032,500,500,500,1,32.05581362325761,34.57221101135299,87798.26201498881,1
1,1071,110.0,4517022.468163893,3112515.808462106,3412613.8736545225,500,500,500,1,32.056648946664204,34.56931305541782,88283.15638528485,1
1,1072,111.5,4516894.705634988,3112964.196808992,3414292.005826568,500,500,500,1,32.068592867971404,34.573926568776194,89300.45334140398,1
1,1073,113.0,4517034.567110302,3113482.286319996,3413598.637771471,500,500,500,1,32.06143555356824,34.57755291637482,89279.10852054041,1
1,1074,114.5,4517084.478705317,3114050.653340772,3414627.381700014,500,500,500,1,32.06747134320919,34.582144164675576,90133.43611367232,1
1,1075,116.0,4517948.60527743,3114069.694292521,3415642.1925567407,500,500,500,1,32.071707659929885,34.57718653132521,91284.3072819328,1
1,1076,117.5,4516966.418358053,3114291.446679291,3415656.037115144,500,500,500,1,32.07503547504316,34.5849142601995,90713.0772045916,1
1,1077,119.0,4517926.269186111,3114628.351060898,3415385.8277389496,500,500,500,1,32.068366446308545,34.58212157748779,91401.2871663384,1
1,1078,120.5,4516946.985069176,3114590.9080976364,3416236.1724007665,500,500,500,1,32.07867888019445,34.58760402880538,91151.64247929584,1
1,1079,122.0,4518734.989847011,3113856.473678614,3417056.8213851014,500,500,500,1,32.079877883395866,34.5706940322752,92481.66782810724,1
1,1080,123.5,4518654.471674368,3115954.8881462,3416787.8126774984,500,500,500,1,32.0725434081785,34.589207684283565,93291.79536021037,1
1,1081,125.0,4518356.867424632,3115025.135918186,3416963.734350068,500,500,500,1,32.07751566274329,34.582980548094746,92730.39873734768,1
1,1082,126.5,4517977.302993555,3115533.818054436,3418583.6781055704,500,500,500,1,32.089826489947576,34.58960208901468,93570.73502862174,1
1,1083,128.0,4518301.018079035,3116059.807494445,3417950.4543140065,500,500,500,1,32.08239085457188,34.59220395394355,93713.1538773002,1
1,1084,129.5,4517849.090346029,3116751.299548151,3418639.9620637065,500,500,500,1,32.0874851348369,34.60082467260704,94096.86670198478,1
1,1085,131.0,4518026.710289129,3116293.659276861,3418483.0426191096,500,500,500,1,32.086840169682894,34.5958393358672,93917.22177517042,1
1,1086,132.5,4518990.282258019,3116681.6755822864,3418626.231018168,500,500,500,1,32.08313439026905,34.59346282657449,94851.98351377714,1
1,1087,134.0,4519461.517420177,3117471.450586327,3419471.9599340865,500,500,500,1,32.08555392230434,34.59745552045188,96009.80115651526,1
1,1088,135.5,4518960.392811804,3116418.7131772856,3419048.622560421,500,500,500,1,32.08713499994804,34.59138051111886,94929.01193744596,1
1,1089,137.0,4518107.354550271,3117034.097067755,3419355.2536521354,500,500,500,1,32.09110853288837,34.60172363631617,94793.0188243948,1
1,1090,138.5,4519085.608738418,3117085.5509095984,3419072.0440379167,500,500,500,1,32.0850379523125,34.59636786964936,95349.55567886216,1
1,1091,140.0,4518998.591913162,3118229.3145262767,3419513.44306421,500,500,500,1,32.08563337525846,34.606708728589425,96073.63125623947,1
1,1092,141.5,4518235.678481066,3117582.964283477,3420257.1670151222,500,500,500,1,32.095927359615985,34.605678525215176,95625.75674082898,1
1,1093,143.0,4518866.439470155,3117407.35931999,3420427.4363283985,500,500,500,1,32.095228835577245,34.600431354639774,96071.57687142956,1
1,1094,144.5,4519058.904129202,3117806.143988,3421146.738364709,500,500,500,1,32.098825214638595,34.602716426189346,96779.83058385552,1
1,1095,146.0,4519481.6538790045,3117704.806162568,3419955.4087275364,500,500,500,1,32.08848910896705,34.59934073576784,96392.9188431399,1
1,1096,147.5,4518204.332064279,3117562.6661523515,3420788.538879968,500,500,500,1,32.10010275920633,34.60568995889289,95876.48897887394,1
1,1097,149.0,4519785.232032595,3117652.3747784127,3420650.11787602,500,500,500,1,32.09267849882814,34.59709157280551,96948.47735655122,1
1,1098,150.5,4518779.012258022,3118379.093121798,3420192.601638962,500,500,500,1,32.09119642800604,34.609296658252994,96353.37411059812,1
1,1099,152.0,4518286.016097775,3118992.0524928896,3420293.772367204,500,500,500,1,32.0922294647089,34.6174836438303,96358.36352184322,1
1,1100,153.5,4519287.38330289,3118640.115668699,3420806.2699317443,500,500,500,1,32.09314030300107,34.60852542855295,97159.48289734405,1
1,1101,155.0,4518967.098340821,3119522.689030165,3421261.5100713787,500,500,500,1,32.09544388229202,34.61800300758495,97602.7622707095,1
1,1102,156.5,4519563.152294933,3118746.160883692,3420371.5809718594,500,500,500,1,32.08851397527311,34.607801853918,97171.86890928076,1
1,1103,158.0,4518689.745420776,3119485.9863266256,3420268.3903643554,500,500,500,1,32.08914625026505,34.619331974153724,96864.09782027546,1
1,1104,159.5,4519610.655336103,3119452.0049060453,3419851.208496362,500,500,500,1,32.082521909843685,34.61358161547281,97268.2597159734,1
1,1105,161.0,4518983.395611143,3119479.458876294,3420445.174425824,500,500,500,1,32.08935379442471,34.61753518601809,97159.61075855604,1
1,1106,162.5,4519107.595818533,3120125.6905174456,3419797.6165102096,500,500,500,1,32.08226613646594,34.62234775613963,97213.29613086396,1
1,1107,164.0,4519177.291600559,3119056.1264222474,3419817.03365961,500,500,500,1,32.08500838256636,34.612750605202635,96757.39065762424,1
1,1108,165.5,4517628.701785688,3120168.491662534,3419580.619335344,500,500,500,1,32.086260109837404,34.63148392230105,96087.56951432116,1
1,1109,167.0,4518900.523216953,3119942.454172045,3419035.340619161,500,500,500,1,32.07782404557244,34.62200201279074,96575.85327069554,1
1,1110,168.5,4517805.389207578,3120411.611527086,3419334.1262958343,500,500,500,1,32.083066816191455,34.63252361502751,96196.87909979188,1
1,1111,170.0,4517464.451066412,3119909.448873017,3418623.8613118543,500,500,500,1,32.080390626570974,34.63023362994257,95340.14758932218,1
1,1112,171.5,4518480.577672393,3120463.338223971,3418731.075478518,500,500,500,1,32.07576778307383,34.62896400131137,96372.247975233,1
1,1113,173.0,4518338.902886336,3120369.9588619727,3418814.36155575,500,500,500,1,32.07719498813034,34.62900230514369,96272.7337499624,1
1,1114,174.5,4517699.315579207,3119801.44928947,3418898.2296759,500,500,500,1,32.08183370019607,34.62791336470713,95597.61639938224,1
1,1115,176.0,4516821.226240096,3119849.2177069434,3417905.9288242543,500,500,500,1,32.077644569338034,34.63353148898609,94481.40945891105,1
1,1116,177.5,4518093.616350331,3120801.623264632,3417677.8518689903,500,500,500,1,32.06843423952129,34.63416287916971,95706.10013963377,1
1,1117,179.0,4517061.304039749,3120417.64964958,3416868.588573725,500,500,500,1,32.06737717217069,34.63698866414224,94371.73539366666,1
1,1118,180.5,4517222.881551937,3120027.669205128,3416928.712889568,500,500,500,1,32.06824839344551,34.63268154293635,94328.49178661684,1
1,1119,182.0,4517674.02480845,3120633.996820402,3415700.091811622,500,500,500,1,32.05561934600298,34.63521208020759,94282.9146043444,1
1,1120,183.5,4517106.384151428,3120995.227058518,3416103.3650810528,500,500,500,1,32.05989085512632,34.64168039766111,94275.1608930733,1
1,1121,185.0,4516195.61917777,3120791.2988382503,3416151.403556926,500,500,500,1,32.06433424548079,34.645332805148776,93567.41285014618,1
1,1122,186.5,4516655.011537489,3121466.5704735834,3415022.18755851,500,500,500,1,32.05223531836005,34.648404831491725,93613.70517210104,1
1,1123,188.0,4515871.515889456,3121641.1469567213,3414603.4017557628,500,500,500,1,32.05165242195803,34.654552776309565,92929.31391336396,1
1,1124,189.5,4515947.393357324,3120425.324760281,3413513.6613987125,500,500,500,1,32.046408236937545,34.64366307099954,91818.05276065972,1
1,1125,191.0,4516175.218688379,3121340.072149719,3413235.276848061,500,500,500,1,32.04097387731029,34.650165664006494,92270.03843630572,1
1,1126,192.5,4515424.157916302,3120375.820979152,3413167.720471232,500,500,500,1,32.04596470581387,34.64634290724697,91245.77417070976,1
1,1127,194.0,4516273.513292463,3122345.8166083978,3411833.118401983,500,500,500,1,32.02732997179123,34.65821634869642,92079.65230538136,1
1,1128,195.5,4515546.21943796,3121108.988836877,3412740.4854935035,500,500,500,1,32.04030531523536,34.65191430533705,91457.55282893965,1
1,1129,197.0,4515539.999709511,3120817.817270929,3409810.0066009234,500,500,500,1,32.01902057986291,34.64945101866475,89758.66094834823,1
1,1130,198.5,4515057.498878586,3120368.6327183493,3410676.8774112863,500,500,500,1,32.02863223898056,34.6484572657335,89665.28984042536,1
1,1131,200.0,4515586.573450235,3121436.283964525,3409966.6462229923,500,500,500,1,32.01836301638272,34.65448500254754,90172.35361565927,1
1,1132,201.5,4514894.676534287,3121078.1982207727,3409002.269238024,500,500,500,1,32.0147347901409,34.65551710883845,89005.8496011598,1
1,1133,203.0,4514219.688714704,3121460.4135423475,3408047.860686045,500,500,500,1,32.00912981380652,34.66280634225279,88213.44782231934,1
1,1134,204.5,4514228.961282513,3121793.3332841257,3407285.879556567,500,500,500,1,32.00245371998203,34.66560986562024,87976.63203203026,1
1,1135,206.0,4513861.957998116,3120938.3396007284,3406165.48692692,500,500,500,1,31.997716705592342,34.66044721323122,86714.53209929168,1
1,1136,207.5,4513802.090118642,3120986.3765511583,3405796.4917702395,500,500,500,1,31.995035871258036,34.66121523157548,86500.42102580704,1
1,1137,209.0,4513613.43593853,3120938.003788787,3404469.9773335843,500,500,500,1,31.985886539001744,34.661920046355206,85642.72195322532,1
1,1138,210.5,4513059.494760462,3121725.3484918955,3403510.931538388,500,500,500,1,31.978684282271413,34.67197121011998,85128.17821426876,1
1,1139,212.0,4512618.361888794,3121039.201900936,3402965.2866505776,500,500,500,1,31.97811480202428,34.668699020667525,84200.37100992817,1
1,1140,213.5,4513170.85020157,3121470.056538271,3402796.7453625826,500,500,500,1,31.97354569535235,34.669117571383325,84704.46707107779,1
1,1141,215.0,4512048.13312454,3120597.5249201874,3402797.161093611,500,500,500,1,31.980240562561956,34.668292794242625,83500.40443208069,1
1,1142,216.5,4511656.355377661,3120363.363441809,3401203.3806043006,500,500,500,1,31.97035211989802,34.66860890087603,82270.09205393586,1
1,1143,218.0,4511379.689920127,3120328.146074164,3399280.0594917247,500,500,500,1,31.956990580136264,34.66995018164162,81041.8817991335,1
1,1144,219.5,4510617.611319627,3120255.2940100324,3399155.3329548165,500,500,500,1,31.959197734242043,34.673852902306734,80408.94396666624,1
1,1145,221.0,4510814.908070941,3119829.17917358,3398240.7445790377,500,500,500,1,31.952664593256078,34.66901942044517,79856.88622325286,1
1,1146,222.5,4510558.936660609,3121243.1261061644,3396966.3692266485,500,500,500,1,31.940234493545493,34.68268750320185,79686.55934936553,1
1,1147,224.0,4509689.842826443,3121193.568166976,3396578.426493828,500,500,500,1,31.940802676686253,34.687428218930954,78850.94095983077,1
1,1148,225.5,4509435.427738905,3120731.508754337,3394687.303074053,500,500,500,1,31.92872996096544,34.68497140845297,77449.93415216077,1
1,1149,227.0,4509536.129694315,3119766.3442588705,3394554.0833892417,500,500,500,1,31.929920209430733,34.67608000455505,76983.6711378498,1
1,1150,228.5,4509185.397880628,3119334.269328879,3394122.8034175416,500,500,500,1,31.92917641050305,34.67445207296561,76302.15467685554,1
1,1151,230.0,4508949.00636034,3119234.372919475,3393400.1994495303,500,500,500,1,31.924895011587367,34.674998950813794,75706.780656985,1
1,1152,231.5,4507957.193988524,3120028.2808533367,3391568.167582226,500,500,500,1,31.91274970492469,34.6877194799083,74429.31605619565,1
1,1153,233.0,4507840.40217287,3120127.941671442,3391033.583335846,500,500,500,1,31.90888978363916,34.68927055957253,74113.36245945748,1
1,1154,234.5,4507606.100573193,3119607.732764989,3389862.574194838,500,500,500,1,31.902330088161506,34.68619355903449,73079.5825570589,1
1,1155,236.0,4507620.126428293,3119438.114833532,3388396.713840141,500,500,500,1,31.891633942144963,34.68465233877591,72232.87378738448,1
1,1156,237.5,4506266.291651391,3119064.350291976,3386860.4205978927,500,500,500,1,31.88624752153908,34.68949353433688,70295.47856672574,1
1,1157,239.0,4505661.365392353,3119919.755971809,3385362.0310742683,500,500,500,1,31.87494707783523,34.70044621544411,69495.21779034194,1
1,1158,240.5,4505141.411069381,3119264.91147676,3384940.907081336,500,500,500,1,31.87552677179398,34.697911941347265,68593.25055964664,1
1,1159,242.0,4505630.319862259,3119308.3673875467,3384065.5008408325,500,500,500,1,31.86688360737262,34.69537564513461,68493.40068193991,1
1,1160,243.5,4505493.684280644,3119425.0907462565,3382173.342662052,500,500,500,1,31.852759822537838,34.69719221281859,67455.6560670035,1
1,1161,245.0,4505371.582093229,3119148.554450768,3380326.283920104,500,500,500,1,31.839971131312534,34.69554168920083,66262.07368471287,1
1,1162,246.5,4504075.279682497,3118981.2137011145,3379009.5827320176,500,500,500,1,31.83545306742248,34.70181961783142,64581.15036897548,1
1,1163,248.0,4503382.255559281,3118825.8031936134,3377789.844120257,500,500,500,1,31.829300300326487,34.7046099346593,63378.59377309866,1
1,1164,249.5,4503260.490584451,3117955.6018409748,3376673.0497849365,500,500,500,1,31.82363107372074,34.697851739625385,62283.679532859474,1
1,1165,251.0,4502660.717442855,3117820.956544956,3374449.919786625,500,500,500,1,31.80944062694478,34.700265443576306,60627.49950470589,1
1,1166,252.5,4502324.802240699,3117909.195185188,3373405.2891975385,500,500,500,1,31.80257333813084,34.703025083426894,59884.92795117758,1
1,1167,254.0,4501878.06590619,3118654.8827314083,3372460.200545461,500,500,500,1,31.795126828931934,34.71209955618624,59435.65547265019,2
1,1168,255.5,4500994.838980662,3117979.48822676,3370612.9473831044,500,500,500,1,31.78632444686682,34.71155297476774,57518.47030556668,2
1,1169,257.0,4501319.580857073,3117676.6923467824,3369802.5244123754,500,500,500,1,31.779722128286902,34.707013419990474,57171.97993179504,2
1,1170,258.5,4499913.804449031,3117264.415323749,3368094.234777037,500,500,500,1,31.773285211927597,34.71184372743055,55090.4118241556,2
1,1171,260.0,4500145.528729742,3116813.686711436,3367916.518899848,500,500,500,1,31.772245836396017,34.706584570180325,54940.58920728974,2
1,1172,261.5,4498771.785777974,3117169.629455756,3365734.6269988194,500,500,500,1,31.76001897358621,34.71783593276613,53004.16446112469,2
1,1173,263.0,4498686.692916646,3116935.09088983,3363643.966599786,500,500,500,1,31.7450753335728,34.71632507305085,51730.89220026415,2
1,1174,264.5,4498512.034542226,3117983.228085684,3362106.0917165056,500,500,500,1,31.73124089695025,34.72638501694658,51307.55021467153,2
1,1175,266.0,4498029.005965765,3116300.850362012,3360293.926207477,500,500,500,1,31.72382631160132,34.71478828106935,49201.83959569037,2
1,1176,267.5,4496309.12654453,3116580.710294539,3360044.8150239843,500,500,500,1,31.72783285897462,34.727455360199,48004.03248640057,2
1,1177,269.0,4496313.141211549,3115812.637223995,3357924.2224399755,500,500,500,1,31.71372881263168,34.72081973928714,46519.71506584715,2
1,1178,270.5,4496411.712055621,3116292.517902117,3355244.974862293,500,500,500,1,31.691651435069492,34.72436267328808,45413.22327198274,2
1,1179,272.0,4495679.130005359,3115579.193318052,3353204.855930229,500,500,500,1,31.68084770489382,34.7225925678105,43483.497469821945,2
1,1180,273.5,4494886.33734083,3116124.98259966,3352368.773230425,500,500,500,1,31.676076581842995,34.73202251766435,42754.52758169267,2
1,1181,275.0,4494118.886951973,3115396.3256550054,3350275.7753994586,500,500,500,1,31.665036322629938,34.7303294999634,40765.52671755105,2
1,1182,276.5,4493672.635256733,3114662.0630674614,3349914.1787632974,500,500,500,1,31.66597156086488,34.726670028294656,39907.51918654051,2
1,1183,278.0,4493406.097546955,3114547.6824011933,3347955.1771122925,500,500,500,1,31.65236264343179,34.72727606676784,38637.38372886367,2
1,1184,279.5,4493123.382618928,3114466.911010199,3345383.134449854,500,500,500,1,31.634040951143614,34.72826824348533,37051.03468054067,2
1,1185,281.0,4492290.1304813735,3113594.6395287206,3344083.819255459,500,500,500,1,31.62967810109882,34.72572940340752,35363.42649819516,2
1,1186,282.5,4490659.674252459,3114274.8919963627,3343206.999621081,500,500,500,1,31.62746113471931,34.74132891023126,34092.72367833741,2
1,1187,284.0,4490383.9469701685,3113736.784054716,3340212.373574127,500,500,500,1,31.607089298937105,34.73834002346754,32068.739531163126,2
1,1188,285.5,4489981.391076193,3114662.588663212,3338247.716746536,500,500,500,1,31.591146812641487,34.74872210092078,31206.9640686512,2
1,1189,287.0,4489085.036990567,3113129.10459558,3336416.1612103754,500,500,500,1,31.58471438999938,34.74086544806906,28875.699895773083,2
1,1190,288.5,4487606.860419508,3112939.686387561,3335437.3099819464,500,500,500,1,31.58344689758227,34.748069497222424,27236.363464690745,2
1,1191,290.0,4488335.12775241,3112550.995600204,3333185.717667217,500,500,500,1,31.564446676589213,34.74036501034984,26378.538833294064,2
1,1192,291.5,4486571.030238372,3111900.0665338403,3331165.9019828145,500,500,500,1,31.55754597540145,34.74530101974397,23770.09332160279,2
1,1193,293.0,4487078.91903062,3112198.039188575,3330432.313204936,500,500,500,1,31.54916839084249,34.74483286843406,23886.555857728235,2
1,1194,294.5,4486515.05663301,3111339.929982183,3326961.135188969,500,500,500,1,31.52705777891871,34.7408057510938,21259.206582609564,2
1,1195,296.0,4485414.093149689,3110888.418509444,3324902.844630759,500,500,500,1,31.516745512183643,34.74349677232882,19192.547512983903,2
1,1196,297.5,4484032.343236456,3110850.348823679,3323508.0013239463,500,500,500,1,31.51149072986893,34.75143562631072,17477.057979589328,2
1,1197,299.0,4484444.141135033,3110962.1174795795,3321918.590664295,500,500,500,1,31.497412233141404,34.749935494922646,16989.282841930166,2
1,1198,300.5,4483536.863215008,3110461.612667152,3319123.784238439,500,500,500,1,31.480815040756244,34.75104748899885,14650.494373763911,2
1,1199,302.0,4482983.1308007445,3110581.517357311,3316969.0309102065,500,500,500,1,31.46609317302992,34.75539631699174,13195.76254846342,2
2,1202,5.0,4488156.313730405,3082293.066315061,3322609.892720766,700,750,600,1,31.56500645238694,34.47978159385105,6073.615577050485,1
2,1203,8.0,4488372.1396550285,3083299.410898116,3327283.8535037194,700,750,600,1,31.597346853540145,34.48722450611142,9158.331544719636,1
2,1204,11.0,4489282.176473657,3084207.228333312,3331933.845966813,700,750,600,1,31.62703419188401,34.48967540716404,12672.258839040996,1
2,1205,14.0,4491910.9079002505,3083692.592888939,3334815.16010031,700,750,600,1,31.640257444258907,34.469561598545404,15780.38434382528,1
2,1206,17.0,4493699.441703996,3086255.290943314,3338895.4532615147,700,750,600,1,31.657692001163788,34.48112810469646,20411.388322952203,1
2,1207,20.0,4493909.609033791,3086873.375498132,3342291.904864963,700,750,600,1,31.68120530024992,34.48523206567963,22639.85738368705,1
2,1208,23.0,4495622.799597088,3087467.607455688,3345730.8561509163,700,750,600,1,31.69924232919673,34.48018728969959,25934.320475130346,1
2,1209,26.0,4496818.52975036,3089594.0136897224,3350649.080814057,700,750,600,1,31.726474376851577,34.491486117446044,30382.30497195944,1
2,1210,29.0,4496366.6031196,3090981.0820889203,3352413.867104521,700,750,600,1,31.73799501249768,34.50617836468466,31661.90311137401,1
2,1211,32.0,4500197.936128389,3091135.2764975936,3355816.692737158,700,750,600,1,31.74863928616066,34.484734145954214,36211.77248047106,1
2,1212,35.0,4499186.163181869,3092041.0352401887,3358911.154829585,700,750,600,1,31.773745690536195,34.49858199161949,37567.71118879039,1
2,1213,38.0,4500884.99154073,3093725.372264722,3362535.0595695274,700,750,600,1,31.790243134118786,34.503050354687296,41477.48088209238,1
2,1214,41.0,4499644.551275689,3095945.975689143,3364909.6249890053,700,750,600,1,31.807208640112904,34.52961823413352,42929.47984401137,1
2,1215,44.0,4503095.514827357,3096560.4021780496,3368308.5388596533,700,750,600,1,31.8180076499675,34.514417037922335,47433.244769878685,1
2,1216,47.0,4504209.812237298,3094916.0991787086,3371615.3194414154,700,750,600,1,31.84321572346312,34.4935929454352,49166.09186402895,1
2,1217,50.0,4504049.576228671,3097493.8927555745,3374297.599945592,700,750,600,1,31.85733025470568,34.51681308713944,51709.76886307821,1
2,1218,53.0,4506282.749276157,3098678.3571609063,3377189.3583882367,700,750,600,1,31.867439417876245,34.5137803655396,55369.10440104734,1
2,1219,56.0,4505793.631955121,3100541.788291012,3380342.401932145,700,750,600,1,31.88829013884206,34.53276807250222,57588.85673427861,1
2,1220,59.0,4506926.911903205,3100700.685570725,3381686.9660689034,700,750,600,1,31.89365889864474,34.52741053913708,59168.37165404204,1
2,1221,62.0,4507504.317909683,3102481.800702162,3383717.714034064,700,750,600,1,31.902049401022868,34.539348237976114,61502.48548047058,1
2,1222,65.0,4508646.106964652,3102447.909277928,3386177.686369296,700,750,600,1,31.91634906264716,34.53227878328358,63584.894912944175,1
2,1223,68.0,4509081.231094328,3102714.678381666,3388884.1464784653,700,750,600,1,31.934450292428973,34.53199727130354,65448.69669935014,1
2,1224,71.0,4510026.956067051,3104010.347279225,3392173.5796071845,700,750,600,1,31.952214033425378,34.537557196463176,68473.46433717199,1
2,1225,74.0,4512009.945040161,3103963.769665393,3393728.401262037,700,750,600,1,31.95639435197443,34.52539392046978,70660.01512750238,1
2,1226,77.0,4510847.208717866,3104928.1086989297,3394938.2203498445,700,750,600,1,31.967490126998857,34.54060155916261,70951.58065246139,1
2,1227,80.0,4510784.84833613,3106760.450164696,3396436.4047106747,700,750,600,1,31.97415975903985,34.55676050685899,72582.79282697197,1
2,1228,83.0,4512631.320367034,3107281.180901486,3399169.4946386763,700,750,600,1,31.986251474923154,34.55029254652808,75570.77661110181,1
2,1229,86.0,4512415.47660503,3107063.201545784,3401503.1982661067,700,750,600,1,32.00531216740087,34.54969515794575,76551.69424499292,1
2,1230,89.0,4513567.59458197,3109855.259964578,3404227.2579756784,700,750,600,1,32.013930572685815,34.56690362265228,80143.1601248011,1
2,1231,92.0,4514482.393892071,3108547.2877148697,3405267.598114698,700,750,600,1,32.02173196263558,34.55021941288934,80704.4265643321,1
2,1232,95.0,4515384.497437481,3109655.44075301,3406644.435636659,700,750,600,1,32.02565022277812,34.55441110505374,82597.30132569,1
2,1233,98.0,4515151.302621341,3109201.48499824,3406897.493748852,700,750,600,1,32.029682558887146,34.55188597906247,82350.39761420805,1
2,1234,101.0,4515397.677654047,3110697.5493909204,3409519.607077411,700,750,600,1,32.0445028339823,34.563301351487944,84632.72634206712,1
2,1235,104.0,4515615.301255735,3111948.1526292246,3409688.810459411,700,750,600,1,32.04158288855501,34.57277123393174,85475.86871276237,1
2,1236,107.0,4516759.116037007,3111613.5751965432,3411105.675872585,700,750,600,1,32.048718231071405,34.56311311898776,86865.09590889234,1
2,1237,110.0,4515238.276432051,3111469.841038349,3412799.0414815047,700,750,600,1,32.06778512237752,34.57089148651402,86633.40536173712,1
2,1238,113.0,4517814.6132174,3113295.6642356827,3414054.715852577,700,750,600,1,32.062340707572126,34.571325371822105,89975.77796344832,1
2,1239,116.0,4517204.344732828,3114243.604384415,3415357.3434944954,700,750,600,1,32.07198848358673,34.58309262073616,90697.44312744774,1
2,1240,119.0,4517173.946899479,3115507.564299586,3415743.3839107207,700,750,600,1,32.071627696172136,34.59413832513486,91489.23645257576,1
2,1241,122.0,4516914.428320251,3114161.382695457,3417153.750466258,700,750,600,1,32.08686854300256,34.58410418894172,91409.71773748564,1
2,1242,125.0,4520891.300404974,3115349.70930086,3417709.24485618,700,750,600,1,32.07241256891156,34.57075696646064,95050.59641095996,1
2,1243,128.0,4519469.39328046,3116215.240592572,3417924.1370392404,700,750,600,1,32.07723671117122,34.58661629110812,94588.92994038296,1
2,1244,131.0,4516627.86841508,3117209.092360808,3417658.740639837,700,750,600,1,32.083614471504475,34.6119990371023,92944.31747577712,1
2,1245,134.0,4517928.307681004,3115863.1708542584,3419072.4814283503,700,750,600,1,32.09281433798728,34.59272307999363,93954.65968389343,1
2,1246,137.0,4520139.385178868,3119369.300264336,3419123.537340041,700,750,600,1,32.07521434237756,34.609738199730835,97210.71423794236,1
2,1247,140.0,4517366.1146986885,3116648.445651411,3420210.3249267866,700,750,600,1,32.10145971852496,34.60280405326144,94544.95516066252,1
2,1248,143.0,4519010.936899575,3118588.3288422115,3420006.4032728146,700,750,600,1,32.08833343652958,34.6097190987908,96516.86141992174,1
2,1249,146.0,4518429.072107725,3117336.3930718387,3420239.576110377,700,750,600,1,32.09570454747034,34.60241388983061,95632.63598679936,1
2,1250,149.0,4519418.951098116,3119713.149419497,3420279.901529136,700,750,600,1,32.08579245346748,34.61696011517573,97487.98222263064,1
2,1251,152.0,4518710.027067246,3119154.263905329,3420291.058135847,700,750,600,1,32.09012736323749,34.6163630819805,96730.62131297216,1
2,1252,155.0,4519532.752688163,3119576.61280492,3420308.529979443,700,750,600,1,32.0859319594938,34.61511326872951,97516.82438557036,1
2,1253,158.0,4518642.399917663,3118980.337043932,3420922.3492569504,700,750,600,1,32.09560696315011,34.61527029570748,96935.16648990197,1
2,1254,161.0,4519731.381941465,3118679.1576251183,3420386.955673533,700,750,600,1,32.08815589462182,34.60622951182521,97265.10681724176,1
2,1255,164.0,4517866.0478861695,3120219.23294079,3419862.058700399,700,750,600,1,32.08732069962015,34.630512073121366,96426.96473746654,1
2,1256,167.0,4519387.51367691,3122326.567897094,3418555.647954241,700,750,600,1,32.06593376266164,34.639580037979265,97808.7837811578,1
2,1257,170.0,4519079.359663925,3119765.790233869,3418699.005256324,700,750,600,1,32.07507165361401,34.61942499096468,96436.89778226057,1
2,1258,173.0,4517109.561070505,3121105.954155984,3417938.0975804883,700,750,600,1,32.073396925448975,34.64261219739673,95304.78469859436,1
2,1259,176.0,4519029.571070065,3119888.972673241,3417668.23510767,700,750,600,1,32.06717528188278,34.62077781321822,95914.17181223352,1
2,1260,179.0,4518112.490484919,3120572.0434180903,3417135.735900285,700,750,600,1,32.0648948059394,34.632079906620454,95320.87984698173,1
2,1261,182.0,4517912.81015522,3121659.8703104327,3416647.9606036656,700,750,600,1,32.05908080264579,34.642602837394016,95446.71183963028,1
2,1262,185.0,4517560.397626399,3121904.242645265,3417243.3170427927,700,750,600,1,32.06427566136328,34.64679077943604,95634.77256341463,1
2,1263,188.0,4516319.893177177,3120769.3090655147,3414932.6715986407,700,750,600,1,32.05473111830803,34.644406624093314,92996.56264095474,1
2,1264,191.0,4515778.543144396,3121328.06700603,3413176.637018863,700,750,600,1,32.04210313760852,34.652416564428385,91956.53548465297,1
2,1265,194.0,4515933.95587021,3122572.662127428,3411826.6070770305,700,750,600,1,32.02798941629405,34.662178711426456,91948.78413021471,1
2,1266,197.0,4514915.79392862,3120126.9441050505,3410451.690153934,700,750,600,1,32.02813233845457,34.64722262221756,89330.54134174995,1
2,1267,200.0,4515262.395085251,3121699.1644842867,3410297.521278464,700,750,600,1,32.02140995358159,34.65866614004609,90248.4417456761,1
2,1268,203.0,4514505.650886261,3121206.450063182,3408532.8542726533,700,750,600,1,32.01235965355318,34.65892780964504,88547.50888823438,1
2,1269,206.0,4513189.483439975,3121778.945180393,3406229.976419407,700,750,600,1,31.99855670623294,34.671659357889745,86685.12705889158,1
2,1270,209.0,4511866.8887736285,3121799.0502610034,3405815.569130897,700,750,600,1,32.00050417818605,34.67968913907905,85552.81575785484,1
2,1271,212.0,4513076.588778808,3121007.418081758,3404173.091050477,700,750,600,1,31.985541015083264,34.66570435780628,85144.4239112353,1
2,1272,215.0,4513424.547540172,3120737.8590984275,3401664.711727212,700,750,600,1,31.96597779493323,34.661322824294274,83928.80816976633,1
2,1273,218.0,4511049.575091737,3120351.283343771,3401241.891969873,700,750,600,1,31.973027986393006,34.67211051042631,81861.31435186695,1
2,1274,221.0,4509893.72907229,3120665.389241989,3398862.3956383825,700,750,600,1,31.958690610499303,34.681678736330866,79946.78577188216,1
2,1275,224.0,4509459.572383865,3120288.6907860464,3396117.104463472,700,750,600,1,31.94063444020544,34.68102335018515,78009.2376419222,1
2,1276,227.0,4510089.020471766,3121253.24850948,3396141.219913636,700,750,600,1,31.93579097697119,34.68556775581648,78927.02429716662,1
2,1277,230.0,4509959.867155816,3120204.888027862,3392180.224340444,700,750,600,1,31.90914826704429,34.67732923261492,76236.10515495203,1
2,1278,233.0,4508510.692402421,3120979.0057133147,3390787.295484866,700,750,600,1,31.90214762059993,34.6925965786112,74862.26721796952,1
2,1279,236.0,4506967.848999885,3119717.056091124,3387573.3942707987,700,750,600,1,31.887178959570143,34.69092985546133,71477.32213593833,1
2,1280,239.0,4506155.865485479,3119656.4840312325,3385740.851952304,700,750,600,1,31.87660752510992,34.695240478332096,69913.24831270985,1
2,1281,242.0,4505802.385247256,3119279.531072532,3383412.4419390466,700,750,600,1,31.861345816364803,34.6941037703407,68254.85851929896,1
2,1282,245.0,4504699.130503589,3119539.0089671123,3381218.9763299795,700,750,600,1,31.848296113661792,34.7029009970814,66452.24083903432,1
2,1283,248.0,4504803.896276223,3118953.473785552,3376984.283396538,700,750,600,1,31.81734362460749,34.69724349590444,64008.663610051386,1
2,1284,251.0,4502733.3970499765,3119229.9349736893,3375034.9124110406,700,750,600,1,31.809822789751912,34.71194930497143,61668.357998885214,1
2,1285,254.0,4501970.071487353,3117020.1924757576,3372233.155354187,700,750,600,1,31.79742830367184,34.69749083112771,58589.27760482021,2
2,1286,257.0,4499699.066468307,3117524.452979183,3370148.8359543053,700,750,600,1,31.789033643084576,34.71536093261546,56148.35278744809,2
2,1287,260.0,4500526.252074998,3116590.214797223,3367114.4033829337,700,750,600,1,31.765273838843417,34.702392954698915,54676.21102395933,2
2,1288,263.0,4498140.271194195,3115245.1965480065,3363421.1696135206,700,750,600,1,31.75002477686884,34.70503812377592,50413.39099394437,2
2,1289,266.0,4498684.158713378,3116368.264381657,3360896.5106296344,700,750,600,1,31.725698149496505,34.71146223458813,50009.43346385378,2
2,1290,269.0,4496678.009498483,3115983.702473489,3356900.3287263834,700,750,600,1,31.704060278579185,34.720115781212044,46319.57669099234,2
2,1291,272.0,4494811.154564879,3114972.635460024,3354387.695652929,700,750,600,1,31.694845982835528,34.72254919535339,43203.78785053827,2
2,1292,275.0,4493517.29999362,3114935.5197911817,3350695.2753381394,700,750,600,1,31.671797132838687,34.72995249113607,40341.53527061548,2
2,1293,278.0,4493681.293570723,3116681.071568536,3346931.5199568034,700,750,600,1,31.637770888125807,34.744003690957044,39327.6894075796,2
2,1294,281.0,4493414.572053814,3115899.9268339253,3344105.454113137,700,750,600,1,31.61932230753268,34.73887075681734,37280.01935433876,2
2,1295,284.0,4490146.702461025,3114248.781115205,3339720.7977769314,700,750,600,1,31.602877043420857,34.74416906877883,31893.58461892325,2
2,1296,287.0,4490293.255353245,3113301.6109679034,3337541.920838527,700,750,600,1,31.588192410690237,34.73513202699756,30394.87069822848,2
2,1297,290.0,4488292.693378813,3111220.6997387367,3333174.1863103947,700,750,600,1,31.568086341824163,34.72914984588766,25696.96954780724,2
2,1298,293.0,4487146.6665465655,3110955.392796884,3328617.577603707,700,750,600,1,31.538337701365187,34.73371292430029,22381.14046574105,2
2,1299,296.0,4485329.2081555445,3110655.490064961,3325902.6390894605,700,750,600,1,31.525360602620584,34.741995485019935,19542.634677576832,2
2,1300,299.0,4483789.096408123,3112526.396780455,3322170.495502555,700,750,600,1,31.4976821713787,34.76734669022417,17422.45369333122,2
2,1301,302.0,4482564.736567434,3110134.429784633,3317681.1487071263,700,750,600,1,31.474372486953783,34.75404360850814,13056.9564736858,2
1,1304,15.0,4486948.820881388,3080621.787309666,3321512.9496158115,500,500,500,2,31.56574231101488,34.47247475312369,3845.189099836163,2
1,1305,16.5,4487960.88488595,3081332.6330680246,3322201.344851013,500,500,500,2,31.565194079971064,34.47261348299185,5259.257387719117,2
1,1306,18.0,4487594.81967188,3081228.195461093,3324956.7338577565,500,500,500,2,31.58804847235079,34.47388810242909,6394.623898101039,2
1,1307,19.5,4488293.387230532,3081806.9633954684,3324966.4205044555,500,500,500,2,31.58385942910867,34.47474805922914,7169.339538065717,2
1,1308,21.0,4488920.664276545,3082556.448077739,3327068.424534498,500,500,500,2,31.595545615981734,34.47751310537121,9072.30757599976,2
1,1309,22.5,4488622.390734896,3081321.252452134,3327411.89559958,500,500,500,2,31.602640104491837,34.46857447457957,8447.354779858142,2
1,1310,24.0,4487392.188596587,3082521.0356383948,3328826.1038018805,500,500,500,2,31.61506859734676,34.486311970373684,8903.315202762373,2
1,1311,25.5,4489230.441983978,3083089.991199885,3330556.1048830845,500,500,500,2,31.619660636605044,34.48029548430293,11374.91161359474,2
1,1312,27.0,4489129.238853862,3083639.4013914494,3332230.3167841737,500,500,500,2,31.631419017910307,34.48566277977489,12446.639138455505,2
1,1313,28.5,4489381.749998429,3083321.0892285653,3333003.9625670584,500,500,500,2,31.637215939921987,34.48139842919341,12876.187711352482,2
1,1314,30.0,4489718.665902926,3083831.9052948104,3333843.590733185,500,500,500,2,31.640972877039925,34.48382130642248,13799.287756344303,2
1,1315,31.5,4490377.462620312,3084059.4575492446,3334915.3149174387,500,500,500,2,31.646011086552026,34.48187102896069,14933.534802049398,2
1,1316,33.0,4489690.171540234,3084649.305741868,3336678.3986664326,500,500,500,2,31.66061175188688,34.49107794465726,15660.826179279946,2
1,1317,34.5,4490037.812615496,3084708.852449603,3336297.639783236,500,500,500,2,31.65618382917612,34.48952361527755,15733.580180457791,2
1,1318,36.0,4490955.503825782,3084214.129464105,3338721.764045773,500,500,500,2,31.67249413443404,34.47977021194235,17411.525443520397,2
1,1319,37.5,4490515.549070261,3085033.258579164,3339473.503135316,500,500,500,2,31.67777030965135,34.48949063806179,17892.33409632463,2
1,1320,39.0,4491546.647786312,3085175.984570681,3340159.45517098,500,500,500,2,31.678624569070205,34.484588370457736,19044.59783153236,2
1,1321,40.5,4491053.380374935,3085752.996874017,3341392.898500332,500,500,500,2,31.68843900081854,34.49252609532535,19624.493169539608,2
1,1322,42.0,4491419.400075794,3085974.3326452305,3343389.767082972,500,500,500,2,31.701696315224325,34.492264803251906,21036.97375372704,2
1,1323,43.5,4491232.97628547,3085250.238236632,3342699.754658404,500,500,500,2,31.699081580553138,34.48709942003091,20194.804723028094,2
1,1324,45.0,4492355.723312518,3086433.839490809,3343390.9058517315,500,500,500,2,31.696831207605573,34.490672127193555,21915.56393701397,2
1,1325,46.5,4492022.596063973,3087545.83089019,3345175.967899563,500,500,500,2,31.708801784326965,34.50228900404526,23155.864337225445,2
1,1326,48.0,4491840.322885384,3088184.683167817,3346157.914972996,500,500,500,2,31.715307778209205,34.508908089829795,23852.11479726061,2
1,1327,49.5,4493088.268820035,3087413.4768182803,3347385.030309389,500,500,500,2,31.72189128792825,34.49479847120527,25000.511531430297,2
1,1328,51.0,4492680.225237131,3087345.142361974,3348103.823436873,500,500,500,2,31.72915493976924,34.49663539318286,25059.525076059625,2
1,1329,52.5,4493444.360471836,3087268.961736223,3349242.6998289926,500,500,500,2,31.735084093800072,34.491427321321055,26157.467738323845,2
1,1330,54.0,4492870.655318972,3087602.102875085,3349214.121581157,500,500,500,2,31.736208323426258,34.4977276474184,25900.754394969903,2
1,1331,55.5,4493012.973282857,3087986.3948554657,3349514.1606854126,500,500,500,2,31.7369177647668,34.500209005081814,26343.445336644538,2
1,1332,57.0,4492719.104822727,3088074.6820468106,3351138.6798306867,500,500,500,2,31.750232891568388,34.50272303919322,27034.709669518284,2
1,1333,58.5,4492971.926553321,3087707.9151726915,3352084.1918369685,500,500,500,2,31.75744976110289,34.498041339760306,27532.82809541933,2
1,1334,60.0,4493652.467683896,3087307.321000737,3352622.5307672303,500,500,500,2,31.759981215642885,34.49052110505441,28100.190610968508,2
1,1335,61.5,4493007.61798545,3089891.858229276,3353332.028516652,500,500,500,2,31.76098991866012,34.51674092420317,29266.613117964007,2
1,1336,63.0,4493996.05943539,3089162.138501013,3353937.1420656987,500,500,500,2,31.763713191264408,34.5045390643152,29926.145948267545,2
1,1337,64.5,4494655.41038214,3087611.7554024886,3354611.5745956814,500,500,500,2,31.77044153803992,34.487190163817985,29996.704050445,2
1,1338,66.0,4494026.121251668,3089897.1573869004,3354917.788919175,500,500,500,2,31.769111931431077,34.510723622940915,30817.50026276708,2
1,1339,67.5,4494403.174294692,3089836.653798436,3355860.2343791663,500,500,500,2,31.774996224567623,34.50795572710104,31548.74070670828,2
1,1340,69.0,4493630.075695846,3089885.5880865203,3357231.1280362546,500,500,500,2,31.788333692339886,34.51298091418772,31752.80312299821,2
1,1341,70.5,4494110.691408888,3089560.045849468,3356605.299665978,500,500,500,2,31.782559697807525,34.50730183271964,31603.022651315667,2
1,1342,72.0,4493975.009154369,3089564.7824364,3358191.3202315485,500,500,500,2,31.795172593760647,34.508150400374895,32345.76723004598,2
1,1343,73.5,4493709.142750372,3090163.488998611,3357503.262056664,500,500,500,2,31.78935705153983,34.51491600732636,32085.378891893663,2
1,1344,75.0,4495007.63428593,3090036.4006012585,3359248.003303132,500,500,500,2,31.79794450432372,34.50608771670568,33852.852984406985,2
1,1345,76.5,4495382.554360438,3090552.098086545,3359031.51686816,500,500,500,2,31.793452883500784,34.508320396444155,34249.68437908404,2
1,1346,78.0,4494973.808013524,3090801.4391816272,3360886.187630937,500,500,500,2,31.80851549366285,34.512910648652216,35060.84686269052,2
1,1347,79.5,4494655.763778573,3090897.9953880766,3360845.932009315,500,500,500,2,31.80918892961674,34.5156391017384,34863.41702054441,2
1,1348,81.0,4494760.465752038,3091361.278952045,3360934.260840214,500,500,500,2,31.8082132803371,34.5190253010792,35206.38156470284,2
1,1349,82.5,4494408.315430291,3091358.5435098265,3362370.337378589,500,500,500,2,31.820536723798785,34.52109766876264,35715.56437198352,2
1,1350,84.0,4495854.509420413,3090912.984849202,3362865.280607713,500,500,500,2,31.819867525303096,34.50863557074503,36774.546146845445,2
1,1351,85.5,4495898.680276758,3092329.7104210537,3362043.5140176048,500,500,500,2,31.80963982648928,34.52063101741138,37054.39361101855,2
1,1352,87.0,4495217.317532731,3091200.2592263515,3362009.909509824,500,500,500,2,31.815062671386457,34.51491299777815,36015.73265334312,2
1,1353,88.5,4495028.192885181,3091699.253982221,3362805.2053661104,500,500,500,2,31.82052252578232,34.520356499088386,36542.88499388751,2
1,1354,90.0,4494499.418893007,3092340.4976300336,3362739.7246370898,500,500,500,2,31.820365037245374,34.529052306037094,36446.99819419719,2
1,1355,91.5,4495886.55737979,3092433.2420082428,3362856.259563053,500,500,500,2,31.815602013174647,34.52159882204985,37524.19735000655,2
1,1356,93.0,4494377.455702573,3091664.7473252304,3365059.906320525,500,500,500,2,31.84032657785828,34.52393117463211,37259.89789982885,2
1,1357,94.5,4495242.526478711,3092281.5383007666,3364526.650091113,500,500,500,2,31.83124121594494,34.524119023894016,37881.0946003329,2
1,1358,96.0,4494584.290494856,3092712.42061132,3364438.7638379377,500,500,500,2,31.831981166726216,34.53176487750041,37581.50885944441,2
1,1359,97.5,4494566.580302036,3092676.273874631,3365582.867054494,500,500,500,2,31.84086087636079,34.53155758376822,38155.21611007489,2
1,1360,99.0,4495018.654923403,3092829.897117172,3364935.675639807,500,500,500,2,31.83375899939793,34.53019555050421,38204.19305699505,2
1,1361,100.5,4494759.245450453,3091874.769991491,3364804.365920791,500,500,500,2,31.83632951772581,34.523475959472634,37493.44040774088,2
1,1362,102.0,4494176.720733984,3093725.521327992,3364753.172066436,500,500,500,2,31.83324753616501,34.54295547027888,37950.08062172402,2
1,1363,103.5,4494536.393414107,3093188.1680837213,3365188.709168996,500,500,500,2,31.83660434319797,34.53616573538998,38172.68628038839,2
1,1364,105.0,4495076.246150446,3093094.221121097,3366511.8139856565,500,500,500,2,31.84482848922295,34.532139330820364,39203.26050660107,2
1,1365,106.5,4493507.8707603365,3092154.5404945714,3365791.008307805,500,500,500,2,31.84797053491485,34.53334672746156,37272.89921200648,2
1,1366,108.0,4494888.290118356,3093455.790436981,3365200.318310204,500,500,500,2,31.83460462072891,34.53638581803778,38553.98092340771,2
1,1367,109.5,4494350.734830742,3093421.895004819,3365801.505027993,500,500,500,2,31.84136769823866,34.53929294507444,38478.60465311352,2
1,1368,111.0,4494362.759002145,3092660.328449484,3366584.374763089,500,500,500,2,31.849324280433745,34.532633025630226,38533.322128617205,2
1,1369,112.5,4493854.540647639,3093151.63138278,3365750.853576615,500,500,500,2,31.84363980705284,34.539909453316604,37974.49135868251,2
1,1370,114.0,4494524.768695415,3092710.9949523634,3365527.9902843144,500,500,500,2,31.840512774736144,34.53210688272575,38113.7241417123,2
1,1371,115.5,4494236.675932654,3093694.720399188,3365959.653337186,500,500,500,2,31.84228476203785,34.54233204654418,38613.636677340604,2
1,1372,117.0,4493627.973682432,3092190.5395275475,3366494.686230176,500,500,500,2,31.852764777725067,34.532943078393906,37745.60948687885,2
1,1373,118.5,4494185.7114004325,3093437.9447436887,3364920.9375372496,500,500,500,2,31.835261330486144,34.540414349113426,37906.33255473338,2
1,1374,120.0,4492665.822798844,3092541.1548280586,3366325.717615343,500,500,500,2,31.854287628931683,34.54170696573327,37152.06291583739,2
1,1375,121.5,4493744.32513423,3092806.2806229847,3366038.56513476,500,500,500,2,31.847186477702987,34.537577938305205,37882.84500661492,2
1,1376,123.0,4492218.212030444,3094057.044154572,3364926.100101403,500,500,500,2,31.84130451214598,34.55748880721622,36830.63444604352,2
1,1377,124.5,4492837.963085104,3093102.941805392,3365479.443171528,500,500,500,2,31.84566433028943,34.545542500470546,37096.51701276004,2
1,1378,126.0,4492142.334329512,3092478.956135344,3365800.7174517824,500,500,500,2,31.85249649475575,34.54428707223244,36478.778456912376,2
1,1379,127.5,4492836.266756137,3093881.929734293,3365347.8951078486,500,500,500,2,31.842579228957767,34.55229183042875,37401.20309428312,2
1,1380,129.0,4492374.28657128,3092672.290814925,3365011.505229096,500,500,500,2,31.84506230314882,34.544578284802974,36317.74300264474,2
1,1381,130.5,4492137.912165983,3092641.411826009,3364880.604526273,500,500,500,2,31.845069191890747,34.545719212921725,36068.41157153528,2
1,1382,132.0,4491727.669612637,3092909.77378085,3364260.1181026143,500,500,500,2,31.84122089301619,34.55048556223782,35583.286720612086,2
1,1383,133.5,4492407.026417449,3092244.315237009,3363913.635476784,500,500,500,2,31.837719050601027,34.54067980485238,35555.298511242494,2
1,1384,135.0,4492525.460777281,3093544.0428502625,3363160.060062037,500,500,500,2,31.828029754966813,34.55122030224152,35866.884267861955,2
1,1385,136.5,4491117.006224427,3093446.7140583745,3363892.514304294,500,500,500,2,31.83935878562993,34.55877057375926,35220.82320778724,2
1,1386,138.0,4490949.011840656,3092641.4546153788,3364049.5298171067,500,500,500,2,31.843371035490552,34.55280360917434,34798.11024582852,2
1,1387,139.5,4491261.329597262,3092739.017486992,3363291.117755792,500,500,500,2,31.836113161126043,34.55178671507617,34663.542838593945,2
1,1388,141.0,4490945.602384278,3092837.649496322,3362387.3816323658,500,500,500,2,31.830191594309067,34.5545217812654,34013.475566830486,2
1,1389,142.5,4491046.264725555,3092436.3560504075,3363163.616849106,500,500,500,2,31.83679183779944,34.550449070417415,34299.974896984175,2
1,1390,144.0,4489901.570190688,3092854.2079679,3361773.2027956224,500,500,500,2,31.829533973164764,34.560888164787684,32967.02152597252,2
1,1391,145.5,4490055.796097878,3093159.610753963,3361421.724073643,500,500,500,2,31.825434048139773,34.56261172604309,33036.77785950806,2
1,1392,147.0,4489917.526491684,3092899.635071417,3360809.0708938465,500,500,500,2,31.821999999411183,34.56118618340873,32491.658647463657,2
1,1393,148.5,4489521.710554944,3092628.14269678,3360004.847632186,500,500,500,2,31.81813897795797,34.56119628556189,31659.78924645856,2
1,1394,150.0,4489344.801513882,3092501.501611632,3360011.9625975606,500,500,500,2,31.81922243558916,34.56115494321249,31478.70071738586,2
1,1395,151.5,4490004.9913973445,3091731.005858783,3359357.301728984,500,500,500,2,31.813725432720958,34.550549898928494,31224.21602522675,2
1,1396,153.0,4488989.7742365245,3091986.755230538,3359142.598793172,500,500,500,2,31.815357606170867,34.55881612608328,30523.797432387248,2
1,1397,154.5,4488210.8622323945,3091268.1557863336,3359096.536313077,500,500,500,2,31.81997090425357,34.557239540480865,29608.06612199731,2
1,1398,156.0,4488288.110949635,3092245.83605916,3358528.824144712,500,500,500,2,31.81271482084338,34.565243146440274,29834.114847865887,2
1,1399,157.5,4487456.823796912,3091604.1324302773,3357145.295309996,500,500,500,2,31.807121892894,34.56464588883606,28213.73777143937,2
1,1400,159.0,4487557.616776739,3091435.08776793,3356954.2406721506,500,500,500,2,31.8057251168105,34.562580993158,28102.079476871528,2
1,1401,160.5,4487260.507864285,3092049.221147249,3356102.397215049,500,500,500,2,31.798733646904665,34.569670589089405,27741.360409223475,2
1,1402,162.0,4487264.269760412,3091245.276509178,3354934.996078409,500,500,500,2,31.791967026328876,34.562687263972194,26741.228920030408,2
1,1403,163.5,4487315.437973319,3091346.95908825,3355471.009704601,500,500,500,2,31.795586068606195,34.56326250706272,27108.47939114459,2
1,1404,165.0,4486599.747753155,3091079.0387618165,3353890.470361821,500,500,500,2,31.78702836400538,34.5652121048679,25645.670231159776,2
1,1405,166.5,4486012.382568042,3090889.8630859205,3353736.7979473937,500,500,500,2,31.78865159038252,34.56707846462475,25062.35920806974,2
1,1406,168.0,4484792.974208095,3091534.298446062,3353310.115813087,500,500,500,2,31.78841445123424,34.579937684210584,24294.97912853397,2
1,1407,169.5,4485495.921743336,3090512.387315907,3352304.003533464,500,500,500,2,31.780735762858605,34.56689110339946,23764.10727272928,2
1,1408,171.0,4484303.5543349385,3090740.297167742,3350899.22203927,500,500,500,2,31.77403885698541,34.57598254080857,22299.61447548401,2
1,1409,172.5,4484627.567802349,3090346.644755972,3350359.08679081,500,500,500,2,31.76970655956642,34.57063830485023,22052.11825740803,2
1,1410,174.0,4484517.045408969,3090511.263363688,3350067.4285958377,500,500,500,2,31.767466632851384,34.57272407165188,21900.60759847518,2
1,1411,175.5,4483725.112808111,3090824.871834313,3348243.014866676,500,500,500,2,31.755766713416275,34.58016888145193,20537.177734376863,2
1,1412,177.0,4483350.656009758,3090131.298497199,3347835.109965133,500,500,500,2,31.75596978057548,34.5763964359134,19725.64329098817,2
1,1413,178.5,4482199.180916808,3089198.5532502807,3347525.478458076,500,500,500,2,31.76059464244413,34.57519100646855,18306.452456044037,2
1,1414,180.0,4481616.174464475,3090014.143609661,3346427.216548805,500,500,500,2,31.75227749813507,34.58574147127868,17713.880304572172,2
1,1415,181.5,4481701.433704982,3089724.2098028297,3345099.7548753447,500,500,500,2,31.742571295252063,34.58271968561774,16935.1453666389,2
1,1416,183.0,4481217.3224561615,3088911.325493256,3344699.7737104925,500,500,500,2,31.74358126249554,34.57856699714318,15993.397764270194,2
1,1417,184.5,4481105.271893156,3088741.8902324378,3344159.7389403386,500,500,500,2,31.7403414055452,34.57776783733282,15549.05388301611,2
1,1418,186.0,4480422.355824192,3089009.7393949227,3343338.1795235234,500,500,500,2,31.73599667505549,34.58417016824124,14767.990271778775,2
1,1419,187.5,4479766.839281431,3088447.947140346,3342107.045114865,500,500,500,2,31.73063788729047,34.58321786096843,13390.241713958792,2
1,1420,189.0,4479729.284191351,3088911.233528179,3341014.5703131184,500,500,500,2,31.72117666620237,34.58745852986703,13013.139542601071,2
1,1421,190.5,4478856.464721093,3088896.920131704,3339605.449560726,500,500,500,2,31.71382597791937,34.59255216780963,11654.185247463174,2
1,1422,192.0,4478804.932031338,3088827.9216583506,3338928.174682775,500,500,500,2,31.709025246811564,34.59226210782489,11228.768102143891,2
1,1423,193.5,4478116.832545813,3088497.852479696,3337279.217732718,500,500,500,2,31.69996105258113,34.59351483949782,9720.831696761772,2
1,1424,195.0,4477303.729724733,3088007.073395725,3335777.554683084,500,500,500,2,31.692940071727715,34.594121934634266,8125.241126706824,2
1,1425,196.5,4476614.039794105,3087458.9894051207,3334304.515709679,500,500,500,2,31.68580820341662,34.59349396439435,6603.545576136559,2
1,1426,198.0,4476251.641591371,3088252.981064996,3334938.083424369,500,500,500,2,31.68994325984367,34.60254805667979,7066.144871114753,2
1,1427,199.5,4476236.831197913,3086955.0530603034,3333828.687998503,500,500,500,2,31.684983595182825,34.59137934749488,5845.919959764928,2
1,1428,201.0,4475521.6288033,3086832.1575563625,3332702.959559649,500,500,500,2,31.679467853769097,34.59459216239222,4694.285172120668,2
1,1429,202.5,4475212.804341639,3086319.803952631,3331483.2453144966,500,500,500,2,31.672692342523263,34.5919949581047,3589.8858133191243,2
1,1430,204.0,4475663.89970827,3086801.613589463,3328745.1965232,500,500,500,2,31.648632992398262,34.59347594353685,2701.628725251183,2
1,1431,205.5,4474225.272905038,3085631.6892802515,3328154.0929087657,500,500,500,2,31.652841740115846,34.59193363773314,817.8927640812472,2
1,1432,207.0,4473106.796139801,3085457.6934162662,3326402.890254596,500,500,500,2,31.644221331828916,34.597118632045614,-968.8657357180492,2
1,1433,208.5,4473105.57527157,3085156.093860029,3325340.801048428,500,500,500,2,31.63687986639654,34.594508171075375,-1672.6701813973486,2
1,1434,210.0,4472545.588245347,3084976.343109522,3324430.267177995,500,500,500,2,31.632550072341186,34.59630057473788,-2629.615584020503,2
1,1435,211.5,4472051.73123139,3085714.6539163594,3322667.1133033787,500,500,500,2,31.618943249261672,34.605666519350095,-3543.3026474015787,2
1,1436,213.0,4471237.293406971,3084666.204624821,3321172.887193279,500,500,500,2,31.61344787154841,34.60144301548085,-5404.521740802564,2
1,1437,214.5,4470197.648789038,3084131.26956369,3320518.905445563,500,500,500,2,31.61390716093014,34.60302615048541,-6734.783797669224,3
1,1438,216.0,4468929.389308032,3084565.1242464995,3318706.6962591875,500,500,500,2,31.603745219882114,34.61439370866328,-8363.717666110955,3
1,1439,217.5,4468682.768385191,3083126.528533868,3317242.0930484887,500,500,500,2,31.597306171417955,34.60337729210478,-9999.970052236691,3
2,1442,15.0,4487634.330093453,3080351.853684055,3322552.178050129,700,750,600,2,31.57177673716851,34.4660480479804,4740.601733970456,2
2,1443,18.0,4486424.383304188,3081009.7806998915,3324706.431295801,700,750,600,2,31.591265000290942,34.47896704646361,5336.301916688681,2
2,1444,21.0,4487671.9041988,3081304.1476559862,3326099.6982491147,700,750,600,2,31.596316806348828,34.47408788739426,7084.137687802315,2
2,1445,24.0,4489181.640739791,3083311.3950824644,3327936.345990704,700,750,600,2,31.599171179914148,34.48250623307696,10074.318101044744,2
2,1446,27.0,4490361.178367187,3082444.1558443545,3331562.0850880514,700,750,600,2,31.62469758564646,34.46796105975205,12384.830911777914,2
2,1447,30.0,4489574.221474752,3084219.275603716,3335330.163867336,700,750,600,2,31.651887337506903,34.488040305527136,14664.617002298124,2
2,1448,33.0,4489989.261648835,3084645.205187316,3337155.670385201,700,750,600,2,31.66311319183178,34.48926100861652,16119.197822750546,2
2,1449,36.0,4490310.639905992,3083696.518809421,3338222.0481150914,700,750,600,2,31.67256321777924,34.47912214638605,16447.351917936467,2
2,1450,39.0,4490893.400686688,3085711.257555509,3340104.876799401,700,750,600,2,31.67931821422508,34.49311699691649,18815.66542528756,2
2,1451,42.0,4490364.306660187,3086007.328252132,3342867.832693694,700,750,600,2,31.70172400892618,34.49883388728025,20038.76568424981,2
2,1452,45.0,4492028.801622071,3086673.315223155,3344421.901909579,700,750,600,2,31.705346699223504,34.49469318907902,22343.474517807364,2
2,1453,48.0,4491734.685915973,3086106.106686415,3347541.918850606,700,750,600,2,31.73185894949304,34.49152952986091,23504.376498605125,2
2,1454,51.0,4493344.93120923,3087512.0889353305,3347775.798849154,700,750,600,2,31.72361418211953,34.49412500816757,25433.417870008387,2
2,1455,54.0,4493818.750781257,3086622.352656657,3349858.1347314795,700,750,600,2,31.74005684977788,34.48359816162094,26432.27201304119,2
2,1456,57.0,4492809.088699115,3088467.1147824177,3351787.7326479075,700,750,600,2,31.753788083075595,34.505586085142895,27628.354657441378,2
2,1457,60.0,4494729.087517989,3088122.156015084,3353103.5808785693,700,750,600,2,31.75727978017978,34.491171940005984,29500.22574956808,2
2,1458,63.0,4494182.858996511,3090357.0365871578,3353688.624369214,700,750,600,2,31.757890919020493,34.51377161556909,30501.794744054787,2
2,1459,66.0,4494777.735820544,3090144.6528898785,3356036.141456821,700,750,600,2,31.774055163442394,34.50839279827717,32052.103625586256,2
2,1460,69.0,4494042.758646792,3091214.850813618,3356961.377410303,700,750,600,2,31.78110896326729,34.52203016756765,32540.03233581781,2
2,1461,72.0,4493812.32731152,3088918.2583535006,3358029.1212799028,700,750,600,2,31.796300986388204,34.50352094626178,31835.07593792584,2
2,1462,75.0,4494837.988573709,3091241.687353696,3359388.854464692,700,750,600,2,31.7964513635689,34.517528981709205,34388.657607601024,2
2,1463,78.0,4495132.645821036,3090966.477219168,3360154.814768461,700,750,600,2,31.801880000840885,34.513393722532584,34866.08730406128,2
2,1464,81.0,4494984.691973983,3090188.6436693044,3361774.767220213,700,750,600,2,31.816886839640738,34.50754202848792,35241.85145882517,2
2,1465,84.0,4495434.294270869,3091322.099486804,3361649.6157364734,700,750,600,2,31.811145554799783,34.514676182560855,36036.39552610554,2
2,1466,87.0,4494265.801259223,3091847.864768125,3363338.1839670744,700,750,600,2,31.82715510920117,34.526180419188684,36361.78572849929,2
2,1467,90.0,4496042.205355498,3092116.2411893182,3362505.8624123465,700,750,600,2,31.813175380932087,34.51793020704778,37295.80261221528,2
2,1468,93.0,4494060.969789824,3092827.936606223,3365517.423505668,700,750,600,2,31.84192579635579,34.53587988851882,37839.89076080825,2
2,1469,96.0,4495387.908183564,3092876.619685624,3365254.2129203123,700,750,600,2,31.834621327583783,34.52840192987987,38653.154864978045,2
2,1470,99.0,4494009.833193108,3093595.5182928606,3366025.15574078,700,750,600,2,31.84393327996126,34.542824677648206,38441.68215444498,2
2,1471,102.0,4495447.569168292,3092175.698900503,3365660.412539069,700,750,600,2,31.83936071106227,34.52198304163567,38571.692236348055,2
2,1472,105.0,4494701.863996864,3091752.786817018,3365588.1636457,700,750,600,2,31.84284970570953,34.52276198616168,37808.03457392845,2
2,1473,108.0,4495294.817358221,3092560.312434528,3365914.911538613,700,750,600,2,31.840863048893954,34.526219626532274,38784.22034663335,2
2,1474,111.0,4493182.020038544,3092543.894153053,3365681.589811596,700,750,600,2,31.847362821509986,34.53865624086483,37174.65084867645,2
2,1475,114.0,4494185.98788351,3093225.559338128,3366214.332315593,700,750,600,2,31.845679659726933,34.53857543745012,38486.567466338165,2
2,1476,117.0,4494652.969522256,3093009.4527975093,3365018.9642995824,700,750,600,2,31.83533654323888,34.5339257007795,38078.65987228789,2
2,1477,120.0,4494882.498678994,3091876.9931098106,3364943.72310954,700,750,600,2,31.83690474425493,34.52276158665286,37654.292260347866,2
2,1478,123.0,4493296.773848087,3093362.355890963,3364866.478411608,700,750,600,2,31.83851212107489,34.54505410061781,37219.13225463126,2
2,1479,126.0,4492716.310003897,3093718.043866829,3364956.5246379017,700,750,600,2,31.84050529447891,34.551588683355966,37031.8366140686,2
2,1480,129.0,4493700.970975443,3093157.425145276,3365217.9608850824,700,750,600,2,31.84016411258819,34.5408740534472,37588.67777464446,2
2,1481,132.0,4493081.627849979,3092780.02943902,3365056.771059343,700,750,600,2,31.842361685046985,34.5412973112781,36888.46656153631,2
2,1482,135.0,4491606.386213781,3092557.5365360687,3364847.248916892,700,750,600,2,31.847111714078416,34.54816014702215,35638.51229877304,2
2,1483,138.0,4492339.313990722,3093040.339797805,3362945.6360561587,700,750,600,2,31.828472097782917,34.547971251133404,35380.833304857835,2
2,1484,141.0,4490783.050551613,3091990.562206803,3362206.7552678804,700,750,600,2,31.831721395848504,34.548159351916425,33396.29510712344,2
2,1485,144.0,4489605.871086095,3092516.3251135848,3362486.843007587,700,750,600,2,31.83703302343513,34.559726722225314,32973.70005404949,2
2,1486,147.0,4489337.532735952,3092539.9612304973,3361619.036921452,700,750,600,2,31.83140037603067,34.5615311659474,32339.61272125598,2
2,1487,150.0,4489132.265514496,3091560.415940151,3360122.8653706377,700,750,600,2,31.82342237239825,34.55427574741066,30934.86679253448,2
2,1488,153.0,4489177.542668041,3091500.297448572,3360003.0626902,700,750,600,2,31.8224936853792,34.55348533964168,30874.407371737063,2
2,1489,156.0,4487821.914217037,3092221.7405006285,3359018.518957867,700,750,600,2,31.818331434375946,34.56781517318665,29754.440908203836,2
2,1490,159.0,4486086.262105846,3092045.3944135765,3357629.387241262,700,750,600,2,31.814972013517725,34.57664398740198,27722.64597974997,2
2,1491,162.0,4486921.6825780645,3092568.2883721134,3355163.9187552333,700,750,600,2,31.7914974617302,34.576185848901915,27260.114114500582,2
2,1492,165.0,4485150.581720284,3091946.878068308,3354111.792333373,700,750,600,2,31.79203429282468,34.58137574094277,25166.606981749646,2
2,1493,168.0,4484946.180159903,3090283.8359988723,3352263.181669889,700,750,600,2,31.78317996475885,34.568192410589404,23247.56344638858,2
2,1494,171.0,4484187.328267135,3091292.990244279,3351780.8915278823,700,750,600,2,31.77974278732188,34.58146368829652,22949.21892838273,2
2,1495,174.0,4482656.94702674,3089476.590962605,3348986.2482670583,700,750,600,2,31.769231088663894,34.57486638507159,19530.062734083276,2
2,1496,177.0,4482881.403806316,3090274.3845238355,3348156.6234206683,700,750,600,2,31.759871633702875,34.58043848255507,19635.40080862772,2
2,1497,180.0,4482594.529122319,3089948.9287419217,3346311.9881859333,700,750,600,2,31.747759686401608,34.57933202806038,18306.718183536083,2
2,1498,183.0,4480069.645966922,3089113.273223025,3344373.245353788,700,750,600,2,31.74501301697806,34.587175520865244,15115.54131989088,2
2,1499,186.0,4480513.947641747,3089397.524580472,3342035.006260712,700,750,600,2,31.724624887011284,34.58698393402846,14333.978397435509,2
2,1500,189.0,4479348.443140454,3087867.186914889,3341120.208282477,700,750,600,2,31.726274067445697,34.580683420498374,12297.91222386621,2
2,1501,192.0,4478822.516910512,3086796.232938559,3338389.692348962,700,750,600,2,31.71028961285774,34.57453990387984,9976.999303302728,2
2,1502,195.0,4477393.089200106,3087076.4508472458,3336156.025224368,700,750,600,2,31.697992682449197,34.58551654989959,7937.167610209435,2
2,1503,198.0,4477251.819206273,3088022.935885611,3334229.6989558022,700,750,600,2,31.681235429345723,34.59456997047598,7283.484990491532,2
2,1504,201.0,4475724.2813336095,3086256.854562935,3331733.4164686203,700,750,600,2,31.67278777236016,34.58838856372607,4049.180429232307,2
2,1505,204.0,4474457.32042431,3087173.400670164,3329191.193294353,700,750,600,2,31.65575554108089,34.60392187180617,2269.9215670973063,2
2,1506,207.0,4473634.37611912,3085532.357924863,3326854.443892764,700,750,600,2,31.645432859531414,34.59460835632716,-326.1470545567572,2
2,1507,210.0,4471118.600317609,3085205.849678446,3323940.4076581737,700,750,600,2,31.6337286105345,34.60683897954372,-3775.63933045324,2
2,1508,213.0,4471831.070029068,3083818.3408176163,3321361.8291386464,700,750,600,2,31.61486532731594,34.59052528137311,-5299.196387297474,3
2,1509,216.0,4470197.619719482,3083980.6763206674,3319133.088576448,700,750,600,2,31.60365582038798,34.60171858839203,-7533.965178540908,3
1,1512,5.0,4487828.302713341,3076670.240945944,3324423.834664663,500,500,500,3,31.59522192287681,34.4329298661606,4082.994469515048,3
1,1513,6.5,4489703.904824221,3076619.185092408,3326232.114512944,500,500,500,3,31.601932631085933,34.42132215129489,6323.596264964901,3
1,1514,8.0,4489121.571764286,3076625.359529488,3327361.056664993,500,500,500,3,31.612846923345234,34.42484135782327,6509.141062388197,3
1,1515,9.5,4490546.545184387,3076787.982305829,3329726.865602776,500,500,500,3,31.625009006092608,34.417774184368724,8828.709444573149,3
1,1516,11.0,4490315.863379625,3077605.153644918,3330430.486058859,500,500,500,3,31.62912168839284,34.42624159397877,9428.979971409775,3
1,1517,12.5,4490316.572682684,3077432.562128208,3332625.531489,500,500,500,3,31.64640776825341,34.424738973293714,10497.812137884088,3
1,1518,14.0,4491179.336136039,3078275.692293143,3334861.676066754,500,500,500,3,31.65793011099844,34.426924921135864,12682.804263999686,3
1,1519,15.5,4491040.419932177,3078406.5459612543,3335799.575613506,500,500,500,3,31.66530699351901,34.428887157666466,13140.549618682824,3
1,1520,17.0,4491674.118701794,3080157.9055157416,3336943.363501492,500,500,500,3,31.66691984353089,34.44031499453142,15028.740733934566,3
1,1521,18.5,4491844.401237175,3078680.4794294653,3338945.804220288,500,500,500,3,31.68553540142146,34.42648186600786,15488.827487705275,3
1,1522,20.0,4492992.109608173,3080530.4755049963,3340498.1407131767,500,500,500,3,31.68800219721901,34.43570701733946,17999.84404303506,3
1,1523,21.5,4492996.493491788,3080419.0900436314,3341517.618461508,500,500,500,3,31.69608357301884,34.43471472244244,18484.91333202645,3
1,1524,23.0,4492642.590890524,3081082.855376682,3343258.277014028,500,500,500,3,31.709005201241,34.44257735248059,19470.68656680174,3
1,1525,24.5,4493425.073240877,3081459.820471724,3344504.1269161534,500,500,500,3,31.71447633627609,34.441192668724355,20855.90298970416,3
1,1526,26.0,4493520.01803153,3081298.6688778778,3345863.278151091,500,500,500,3,31.724929032990307,34.43923040593148,21559.577297164127,3
1,1527,27.5,4493844.553834581,3081442.9369999226,3347289.183479858,500,500,500,3,31.734178089759222,34.43855161126391,22606.519952856936,3
1,1528,29.0,4493875.641160759,3081663.9815189587,3348794.067960985,500,500,500,3,31.744966412521965,34.44028365207447,23526.295469290577,3
1,1529,30.5,4494858.521903276,3082588.41554584,3349719.0859316657,500,500,500,3,31.745730627077023,34.4424547713598,25146.916055534035,3
1,1530,32.0,4495304.5406752,3081784.748983752,3350678.912510876,500,500,500,3,31.75347173585581,34.432835419179206,25578.31797470432,3
1,1531,33.5,4493940.538306428,3082563.5817487817,3352494.116648139,500,500,500,3,31.770570549509888,34.447698139941984,25951.88070777245,3
1,1532,35.0,4494787.259728716,3082232.576255506,3354431.195005123,500,500,500,3,31.782942446724604,34.43979339669616,27406.422959142365,3
1,1533,36.5,4495114.437963367,3082893.818255809,3354736.296341837,500,500,500,3,31.782226472344476,34.443580810929085,28114.384248470888,3
1,1534,38.0,4495603.550890066,3083399.3299494023,3355895.310157205,500,500,500,3,31.787811917372903,34.445054852611506,29310.784525534134,3
1,1535,39.5,4495823.072852673,3082950.107633117,3357136.0380494604,500,500,500,3,31.797623821045832,34.43985613815964,29902.385182690807,3
1,1536,41.0,4495295.03056465,3083910.681495375,3356967.2750494108,500,500,500,3,31.795826142181863,34.45132103818903,29905.14024938829,3
1,1537,42.5,4496015.546092305,3084812.460421921,3358682.3406468816,500,500,500,3,31.80368563669608,34.45485189603275,31747.431847690605,3
1,1538,44.0,4497390.756802702,3084382.983078108,3360982.7013769844,500,500,500,3,31.81701063283015,34.442956905144015,33717.22659824416,3
1,1539,45.5,4496624.70621767,3084805.480891958,3361353.0774136204,500,500,500,3,31.821691521368574,34.45117028886104,33578.78829748649,3
1,1540,47.0,4496998.786945636,3085142.665132971,3362726.018795104,500,500,500,3,31.829794078455,34.451868173091846,34726.95451494027,3
1,1541,48.5,4498024.747610696,3085390.4625567566,3362948.971288172,500,500,500,3,31.826828358818798,34.44791787872633,35682.44516572915,3
1,1542,50.0,4497058.737735496,3085444.5653995075,3365252.328520446,500,500,500,3,31.847999898108306,34.4541272480696,36246.75749171618,3
1,1543,51.5,4497957.529815055,3084739.951516301,3365988.594238489,500,500,500,3,31.85198669198015,34.442681983185594,36926.29979011323,3
1,1544,53.0,4497958.629640401,3085968.408887743,3366452.454171681,500,500,500,3,31.852227139118675,34.4533167806609,37762.10823307652,3
1,1545,54.5,4498493.321137888,3086185.931781402,3368051.895764899,500,500,500,3,31.861736853530807,34.45202362245794,39085.30570196919,3
1,1546,56.0,4498532.37597878,3086599.012128059,3368863.586830334,500,500,500,3,31.866657428443546,34.455368892054906,39739.633080878295,3
1,1547,57.5,4497960.8151171375,3085623.812928963,3370285.194447103,500,500,500,3,31.8823187467312,34.450319055952946,39621.58736521471,3
1,1548,59.0,4497998.426367592,3085898.6869063377,3370846.7690023216,500,500,500,3,31.885709376833137,34.452476414936974,40076.58326351363,3
1,1549,60.5,4499011.667345123,3086657.796413506,3372245.2883617943,500,500,500,3,31.89036195784758,34.453030309395686,41889.421115468256,3
1,1550,62.0,4498691.165755665,3087432.7805802138,3372281.3924434297,500,500,500,3,31.88981204643749,34.46164491326224,42056.411005212925,3
1,1551,63.5,4499269.327553354,3087394.908112259,3372859.3015218293,500,500,500,3,31.89205304284781,34.45788187072985,42748.27959589474,3
1,1552,65.0,4500051.035822643,3087045.967820792,3373972.669204027,500,500,500,3,31.898403809418905,34.450217351630336,43716.20128330216,3
1,1553,66.5,4498889.648578114,3087496.140906926,3374485.267114125,500,500,500,3,31.90562898030462,34.46101412706031,43390.325173133984,3
1,1554,68.0,4499271.654488149,3088110.833829922,3376742.0137322363,500,500,500,3,31.91964750742894,34.46406591272612,45145.91789186373,3
1,1555,69.5,4499172.586894769,3087609.599140696,3375976.40358742,500,500,500,3,31.91555751584615,34.46031533240173,44431.06108898111,3
1,1556,71.0,4500201.678354593,3087811.692054672,3377326.878545249,500,500,500,3,31.92126343993068,34.45595158951496,45962.35961515363,3
1,1557,72.5,4500070.713354322,3088818.6772847283,3377661.173714828,500,500,500,3,31.92161758864906,34.46544551637793,46531.09312483482,3
1,1558,74.0,4499928.804877326,3089229.0333470884,3378497.12998202,500,500,500,3,31.92742386256283,34.46983992837421,47070.95871879999,3
1,1559,75.5,4499530.236919962,3088643.019830925,3379140.70806622,500,500,500,3,31.935439619614204,34.467136132516565,46851.007286281325,3
1,1560,77.0,4499335.788158481,3088997.648467828,3380571.729872045,500,500,500,3,31.946118899390896,34.47136082887053,47642.3597568525,3
1,1561,78.5,4499638.235941245,3089977.1604465256,3381356.044691655,500,500,500,3,31.948268886080463,34.47804025123712,48739.40303393174,3
1,1562,80.0,4500534.1472591385,3088679.5892830915,3381525.3316278807,500,500,500,3,31.94953442842537,34.4614889426784,48832.567246234044,3
1,1563,81.5,4500626.248873666,3089543.4984327955,3381176.304259706,500,500,500,3,31.94420933592264,34.46841796818991,49127.16002699733,3
1,1564,83.0,4499968.145921381,3089361.090105085,3382372.7802073807,500,500,500,3,31.956352819788744,34.47074900692225,49212.35290863831,3
1,1565,84.5,4500438.2698177975,3089598.926290116,3382348.4381824187,500,500,500,3,31.95369485645183,34.47001421866358,49642.52876356151,3
1,1566,86.0,4500228.252176799,3089322.432130478,3383598.554032566,500,500,500,3,31.96474670120664,34.46886922740265,50024.56739324238,3
1,1567,87.5,4500279.935599223,3089799.8823184706,3383691.609969024,500,500,500,3,31.96397123569149,34.472693669268374,50339.23572575301,3
1,1568,89.0,4499788.950417076,3089825.904697391,3384988.0812232257,500,500,500,3,31.975659211941025,34.475835909331934,50694.80929605384,3
1,1569,90.5,4500625.805794379,3090531.3595668506,3384830.0890413043,500,500,500,3,31.96930045782368,34.47696767298979,51535.125195919536,3
1,1570,92.0,4499751.14083329,3090221.4103125944,3385606.429900354,500,500,500,3,31.979438707521545,34.47948276682178,51185.75579308998,3
1,1571,93.5,4500439.081514498,3089410.9266777383,3386138.696989925,500,500,500,3,31.982964145742525,34.4683826016382,51559.58646016009,3
1,1572,95.0,4499618.832654032,3090124.683843156,3386191.3598045665,500,500,500,3,31.98465349019734,34.47943203368045,51356.60865406785,3
1,1573,96.5,4499263.821922698,3091242.5870217667,3387253.8366795443,500,500,500,3,31.99110186556754,34.49121366348744,52208.09608230274,3
1,1574,98.0,4499686.663034695,3090844.817394319,3386641.242056128,500,500,500,3,31.985870111879823,34.48525953077542,51988.1452219272,3
1,1575,99.5,4500053.324989081,3090342.055437525,3387601.486188594,500,500,500,3,31.993071465201883,34.47873108361563,52511.777905563824,3
1,1576,101.0,4499980.777166888,3089858.958850138,3388010.149688669,500,500,500,3,31.997750861360533,34.47498217758833,52445.6629338162,3
1,1577,102.5,4500466.2095465455,3090621.203723199,3388424.5112408884,500,500,500,3,31.996952466386,34.47869307214288,53370.52860289346,3
1,1578,104.0,4499657.994075087,3091026.443824506,3388484.670885785,500,500,500,3,31.99947863927853,34.48700117814755,53031.990787090734,3
1,1579,105.5,4499296.254597702,3089983.7423933493,3388695.851926916,500,500,500,3,32.00529191784518,34.480129392683224,52390.41581193824,3
1,1580,107.0,4499751.356798403,3090852.9565528603,3388508.2735528373,500,500,500,3,31.99975847853762,34.48494549945702,53026.45700090844,3
1,1581,108.5,4500334.473132268,3090738.078370796,3388654.028338048,500,500,500,3,31.99889425606769,34.4804868394257,53456.16376353149,3
1,1582,110.0,4499164.670438751,3090702.396942892,3389873.6278192983,500,500,500,3,32.012809510727024,34.487129575337455,53267.74750069343,3
1,1583,111.5,4499518.366659855,3091405.535796005,3388594.122221178,500,500,500,3,31.99983686318652,34.49111039927168,53174.43502263818,3
1,1584,113.0,4499841.751909979,3091098.085747861,3389537.1223363536,500,500,500,3,32.0065501909416,34.486528937353285,53752.59607233573,3
1,1585,114.5,4499871.960254923,3090757.0604193816,3390299.4962844728,500,500,500,3,32.01312826814093,34.4833992074036,54014.089959238656,3
1,1586,116.0,4499390.477654479,3091750.9808450816,3389882.897640845,500,500,500,3,32.00918276428516,34.494858659137435,53933.97665441409,3
1,1587,117.5,4499450.730087518,3091457.8099638466,3390372.693572968,500,500,500,3,32.01344820913826,34.4919645797488,54094.938773416914,3
1,1588,119.0,4499228.728504936,3091314.4901216864,3390277.0764450594,500,500,500,3,32.01397533966493,34.492044268848645,53820.28379418515,3
1,1589,120.5,4498208.973055516,3091745.154664438,3390190.0573423933,500,500,500,3,32.01614360836571,34.501832083076,53268.35173008964,3
1,1590,122.0,4499064.609546824,3091376.921471667,3390694.7554620067,500,500,500,3,32.017615935580906,34.493559856793155,53957.00254976191,3
1,1591,123.5,4498492.604493826,3091522.602921613,3391109.2213577367,500,500,500,3,32.02260236924814,34.49822048989879,53847.00773546379,3
1,1592,125.0,4499340.520612204,3090104.4075024333,3390852.9071206665,500,500,500,3,32.02115303560053,34.48091044685563,53622.7664865572,3
1,1593,126.5,4497460.772156611,3092334.610765866,3391027.204056315,500,500,500,3,32.023831444569645,34.511380491810684,53472.58332907874,3
1,1594,128.0,4497555.732692601,3090748.12402967,3391805.740593004,500,500,500,3,32.033625418566835,34.49709019223595,53189.92375247553,3
1,1595,129.5,4499125.480320716,3091373.902730827,3391513.41394477,500,500,500,3,32.02359280265427,34.49317192503752,54432.1619619932,3
1,1596,131.0,4497791.788457104,3091006.2214790825,3389526.3013910777,500,500,500,3,32.01472470365752,34.49791977132101,52270.06385871861,3
1,1597,132.5,4497550.443974144,3091838.544305842,3390590.0682008825,500,500,500,3,32.02149923651581,34.50655592119552,53065.16350007709,3
1,1598,134.0,4497596.353813288,3090765.709173572,3390991.7029337934,500,500,500,3,32.02724729833746,34.497000808555846,52795.007883667015,3
1,1599,135.5,4497055.676773475,3090901.6169365,3389934.4066131497,500,500,500,3,32.02097780839906,34.50139212426654,51921.82960528508,3
1,1600,137.0,4497002.616650253,3090676.8871393194,3391650.486412648,500,500,500,3,32.034802220506506,34.499763051278265,52686.93416360114,3
1,1601,138.5,4495510.812026365,3091260.4059477914,3389333.255070508,500,500,500,3,32.0214926532174,34.51368700668475,50696.05645308644,3
1,1602,140.0,4496443.03658684,3091756.892798542,3390085.482473864,500,500,500,3,32.02222000795425,34.51243646916413,51984.69719727431,3
1,1603,141.5,4495896.250706513,3089904.0833769715,3390638.3165809102,500,500,500,3,32.033529886191594,34.499655494697315,51006.03478757478,3
1,1604,143.0,4496013.511609067,3090771.561467445,3389111.6422449164,500,500,500,3,32.01916034619516,34.506465750959364,50694.94914400485,3
1,1605,144.5,4496327.419696679,3090636.633989721,3388687.704202982,500,500,500,3,32.015079895115804,34.50343071083674,50624.71767072193,3
1,1606,146.0,4494859.092197038,3090631.6874621287,3389004.418223656,500,500,500,3,32.0232359792704,34.51212416086474,49764.36243651621,3
1,1607,147.5,4495800.676622993,3090018.5040154248,3389175.390115997,500,500,500,3,32.02249969368924,34.50121442521917,50218.36410702579,3
1,1608,149.0,4494859.8570939945,3090658.187615153,3388454.014611701,500,500,500,3,32.01898593382818,34.512348967344785,49485.78547828924,3
1,1609,150.5,4494577.96965504,3090208.209116083,3388620.5356646064,500,500,500,3,32.02256115962415,34.51013177316865,49160.98459863942,3
1,1610,152.0,4494642.902527457,3088758.357763379,3388752.990122445,500,500,500,3,32.027209768692444,34.49719365004012,48580.29383534938,3
1,1611,153.5,4494824.180383407,3090030.2108610296,3387152.7634011386,500,500,500,3,32.010939303270334,34.507125800013775,48469.34428503271,3
1,1612,155.0,4493915.60333704,3089789.5725405635,3386966.8604522566,500,500,500,3,32.013727599503255,34.5104500784695,47620.347507785074,3
1,1613,156.5,4493338.448398382,3090557.0209309217,3386610.598447446,500,500,500,3,32.011216682351254,34.52052945276784,47396.97944555897,3
1,1614,158.0,4493937.165615609,3089055.997430237,3386438.4987438302,500,500,500,3,32.01160489727145,34.5039705731288,47002.94477757812,3
1,1615,159.5,4492967.796443068,3090258.9007618986,3385159.935026612,500,500,500,3,32.00245482474879,34.52015562374292,46225.8703218028,3
1,1616,161.0,4493112.875815992,3089954.11124957,3384619.204502128,500,500,500,3,31.998601484291825,34.51665319009457,45894.22529009264,3
1,1617,162.5,4492586.022433087,3089719.953475336,3384712.74035526,500,500,500,3,32.00200105920272,34.51776287704128,45463.12821541075,3
1,1618,164.0,4492914.551009199,3090041.6294977176,3384860.59105704,500,500,500,3,32.00097435486295,34.51859169920509,45925.61736526061,3
1,1619,165.5,4492498.171986469,3089001.875091255,3384256.3227004083,500,500,500,3,32.00080941500405,34.512068209765985,44814.82065796014,3
1,1620,167.0,4491223.882942545,3088846.6781064267,3382507.569882036,500,500,500,3,31.99292670939353,34.51831300210144,42923.15834513493,3
1,1621,168.5,4491127.113714528,3089436.4225894203,3383100.060020756,500,500,500,3,31.99621990563598,34.52399675362849,43452.9106190484,3
1,1622,170.0,4490518.657211839,3089047.1100802054,3382202.312131747,500,500,500,3,31.99282613735091,34.524250027039024,42364.969786286354,3
1,1623,171.5,4489711.973865751,3088661.103409374,3381434.720554736,500,500,500,3,31.991186648366188,34.52571320627478,41209.080893752165,3
1,1624,173.0,4489574.691687359,3089407.798232761,3381036.067963103,500,500,500,3,31.98668492276665,34.53299881030437,41260.94622350391,3
1,1625,174.5,4489341.87465972,3089475.3796903696,3379975.175880142,500,500,500,3,31.9793501935265,34.53497171948333,40568.8425866114,3
1,1626,176.0,4489304.607796993,3089238.418104115,3380048.934848592,500,500,500,3,31.980694086767382,34.533141484635806,40467.920987933874,3
1,1627,177.5,4488256.283816833,3088105.643250593,3378350.748882728,500,500,500,3,31.97493052927403,34.529577320276914,38291.32189314067,3
1,1628,179.0,4488644.870367506,3087773.296309308,3378164.074639751,500,500,500,3,31.972885529788268,34.524381486465124,38304.24940055795,3
1,1629,180.5,4488575.648293665,3087838.5886798254,3376914.4917584006,500,500,500,3,31.96347735193144,34.52535979901233,37625.67161308788,3
1,1630,182.0,4486931.443635517,3088204.8067057705,3376572.7240646672,500,500,500,3,31.966321643216432,34.538335874007615,36471.72583917156,3
1,1631,183.5,4487356.995332156,3088020.3750750166,3376177.647210332,500,500,500,3,31.962148478829015,34.53420011570623,36471.27415471058,3
1,1632,185.0,4486880.303868362,3087669.5187505847,3375974.7346813874,500,500,500,3,31.963413042690576,34.53400239407246,35861.95633394737,3
1,1633,186.5,4486166.281147868,3087776.466990151,3374476.499416006,500,500,500,3,31.954517142289337,34.539187730637586,34621.33154422417,3
1,1634,188.0,4485035.44701619,3087494.650298064,3373518.16065148,500,500,500,3,31.952403784829947,34.543491538170635,33188.22411005944,3
1,1635,189.5,4484909.501654059,3086259.989530944,3371618.2302786377,500,500,500,3,31.941754486663427,34.53354019786818,31500.891007681377,3
1,1636,191.0,4484326.631803483,3086662.413351132,3370955.642507753,500,500,500,3,31.93790489796574,34.540506855088815,30936.51905614976,3
1,1637,192.5,4483866.439303928,3086237.587440473,3370285.164059413,500,500,500,3,31.935741427137614,34.53956988565082,30055.743304139003,3
1,1638,194.0,4484026.349893509,3086182.465369398,3369667.024496865,500,500,500,3,31.930555656024005,34.53813764510916,29814.05890932865,3
1,1639,195.5,4483696.059908412,3086297.7271572137,3368865.6235815883,500,500,500,3,31.92543149565193,34.541108164999414,29214.789107118733,3
1,1640,197.0,4482438.650987021,3085884.062277321,3367432.723768909,500,500,500,3,31.920542915940327,34.545026918166805,27378.9340073904,3
1,1641,198.5,4482544.333046772,3085140.1035728394,3366077.6152106808,500,500,500,3,31.9118027308276,34.53794382316192,26378.353707200848,3
1,1642,200.0,4482770.124408708,3085393.5994338165,3364871.7823082004,500,500,500,3,31.901043916106403,34.53879457668403,26020.93096158933,3
1,1643,201.5,4481490.924766249,3084995.4662051275,3364808.9772036755,500,500,500,3,31.906638681258936,34.54297855524552,24901.57248950191,3
1,1644,203.0,4481182.27078213,3084999.99814234,3363595.2470641504,500,500,500,3,31.898576733064942,34.5448610303235,24046.492828690447,3
1,1645,204.5,4481209.159456025,3084857.4209625577,3363429.4989584475,500,500,500,3,31.897591129724653,34.54346363832706,23909.074857596308,3
1,1646,206.0,4479784.375377916,3084544.888228537,3360656.3864306146,500,500,500,3,31.88284502559408,34.54926235789687,21297.16428102553,3
1,1647,207.5,4479039.710295143,3083976.1761286743,3360559.029781267,500,500,500,3,31.886545416371003,34.5487766155948,20451.08877110202,3
1,1648,209.0,4479073.62756526,3084335.464393731,3360158.384800766,500,500,500,3,31.88238709470522,34.55169171437924,20436.202971409075,3
1,1649,210.5,4479024.923075371,3084123.991703747,3358531.918080226,500,500,500,3,31.87072994524707,34.55014768633755,19441.36945751123,3
1,1650,212.0,4478253.033191423,3082510.0562828123,3357630.9463138115,500,500,500,3,31.8712136537943,34.540751983536616,17648.491131736897,3
1,1651,213.5,4477683.556240003,3082478.459339776,3356199.795813428,500,500,500,3,31.86259417852908,34.54388086141898,16479.321819349192,3
1,1652,215.0,4476509.622312121,3082565.4410259724,3354995.171031909,500,500,500,3,31.857747208524135,34.551653309527914,15064.119611841626,3
1,1653,216.5,4476507.892623842,3082828.8731893534,3353613.066868861,500,500,500,3,31.846481668470823,34.553950769782894,14460.444129355252,3
1,1654,218.0,4475317.755745419,3081809.5149130165,3352321.9072734355,500,500,500,3,31.844010588874383,34.55221610037582,12455.414937939497,3
1,1655,219.5,4474779.894340871,3081559.2336089457,3351645.711525876,500,500,500,3,31.8416178339388,34.553259237422324,11601.758172668517,3
1,1656,221.0,4474337.476116933,3081265.802581477,3350466.2418508627,500,500,500,3,31.83511788605539,34.55335687352736,10528.621986111626,3
1,1657,222.5,4473972.609817323,3080914.956056375,3347820.9471008955,500,500,500,3,31.81725075522379,34.55249182982745,8709.24572041072,3
1,1658,224.0,4472843.0266366005,3080706.239010879,3347140.8939842666,500,500,500,3,31.817025706994443,34.55743697260584,7459.607585850172,3
1,1659,225.5,4472696.070182103,3080059.701619476,3346169.075951008,500,500,500,3,31.811902663887288,34.552698725255404,6532.827631061897,3
1,1660,227.0,4471861.692444754,3080273.197268041,3343783.352336517,500,500,500,3,31.79632188641939,34.559547386228644,4794.432383485138,3
1,1661,228.5,4471199.671995426,3079727.2341136853,3342667.3437873083,500,500,500,3,31.791832446363458,34.55876558572344,3479.8214991530403,3
1,1662,230.0,4471084.816231851,3079254.963733962,3341228.6519855014,500,500,500,3,31.78252998810099,34.55534838997471,2413.860380606726,3
1,1663,231.5,4469663.928681168,3079599.594419116,3339653.17342424,500,500,500,3,31.775082411028272,34.56685173077422,755.6290261372924,3
1,1664,233.0,4468966.184803547,3079343.5412577614,3339622.5951294582,500,500,500,3,31.77826645170758,34.568805098757984,127.58458996377884,3
1,1665,234.5,4468703.610779085,3078543.0143088987,3337119.350056493,500,500,500,3,31.762254740785693,34.56341805658034,-1760.3675891151652,3
1,1666,236.0,4469294.099415508,3078621.569165293,3336192.1846107533,500,500,500,3,31.75262251181009,34.56056430800236,-1796.993474160321,3
1,1667,237.5,4467770.519508846,3078258.6772312755,3333850.0765705784,500,500,500,3,31.741585864995415,34.566535560644176,-4271.354976497591,3
1,1668,239.0,4466342.5624938505,3077010.9650818096,3332783.050887838,500,500,500,3,31.742340625564104,34.5642401987896,-6434.725272747688,3
1,1669,240.5,4466515.531375533,3077407.9922715016,3331774.34403969,500,500,500,3,31.73284974438196,34.566657270417764,-6652.628549602814,3
1,1670,242.0,4465334.342336085,3077646.282646929,3328693.230921136,500,500,500,3,31.71316066267124,34.575810615515465,-8985.01371127367,3
1,1671,243.5,4464785.208631408,3076198.121082296,3329458.4402207825,500,500,500,3,31.72508880262121,34.566503359312215,-9666.323829021305,3
1,1672,245.0,4464050.375737755,3075933.484805337,3325608.0560208727,500,500,500,3,31.69908348567349,34.5686065369052,-12332.776164229028,3
1,1673,246.5,4464040.321306876,3075306.08885422,3324669.80775921,500,500,500,3,31.693598828178697,34.56320628759599,-13135.655513351783,3
1,1674,248.0,4463313.462405965,3075072.0278721214,3322799.4193571475,500,500,500,3,31.682685993804323,34.56552777560431,-14740.483141615056,3
1,1675,249.5,4462075.779700353,3075428.617267316,3321993.6920319456,500,500,500,3,31.680365534210416,34.57605642184012,-15858.731855179183,3
1,1676,251.0,4461784.56730664,3074423.289953598,3319724.0179803977,500,500,500,3,31.666745923959475,34.56905104517066,-17740.063691366464,3
2,1679,5.0,4489338.052841079,3075357.46603348,3324355.554756515,700,750,600,3,31.592321445562877,34.412541040157585,4475.902395216748,3
2,1680,8.0,4488394.063853981,3076666.5998843005,3327394.3858909914,700,750,600,3,31.615826691648326,34.429529932565714,6035.4407716868445,3
2,1681,11.0,4491047.505166951,3077751.8736821483,3330532.299514712,700,750,600,3,31.62666077807307,34.423162283837854,10066.866691796107,3
2,1682,14.0,4490973.488569885,3078155.023270145,3333657.88030268,700,750,600,3,31.64983067821616,34.4271021694589,11848.46302607376,3
2,1683,17.0,4490587.619724108,3077694.192603367,3336640.644860267,700,750,600,3,31.67541749050852,34.425397615244165,12921.505799261851,3
2,1684,20.0,4491937.689597698,3079997.499342985,3341010.811854616,700,750,600,3,31.69745848272929,34.437355227111496,17272.77905428782,3
2,1685,23.0,4493312.67051017,3080994.1111424826,3343768.4913310423,700,750,600,3,31.710533247431385,34.43782208013312,20166.297750966623,3
2,1686,26.0,4494173.420606428,3081465.9306859146,3345073.35854275,700,750,600,3,31.715896172088364,34.43679547567965,21683.106634831987,3
2,1687,29.0,4495186.071089225,3081572.082536232,3348088.5632757987,700,750,600,3,31.73471263127624,34.43169563121904,24030.1114029577,3
2,1688,32.0,4494884.078255748,3082626.157294891,3350879.109149982,700,750,600,3,31.7543907425381,34.44263002453993,25793.41119578853,3
2,1689,35.0,4495672.776462329,3082337.499480945,3353314.783432432,700,750,600,3,31.77068591646243,34.435438945736514,27489.80047768727,3
2,1690,38.0,4495650.358778112,3083009.502297752,3356998.7862502644,700,750,600,3,31.7970915368902,34.44139763615244,29737.552552935667,3
2,1691,41.0,4496432.390706987,3082955.83729424,3358045.1471492453,700,750,600,3,31.80216663882485,34.436284305882026,30811.292883899994,3
2,1692,44.0,4496710.0143016055,3085069.246264169,3360554.4446590347,700,750,600,3,31.81456499454696,34.45294848596431,33344.296457477845,3
2,1693,47.0,4496711.14909122,3084729.787474287,3362969.0871292884,700,750,600,3,31.833873453946,34.45000065775265,34455.202765219845,3
2,1694,50.0,4496577.224796214,3085781.374630565,3364519.758319288,700,750,600,3,31.84339628064964,34.45990709440259,35684.83896148764,3
2,1695,53.0,4497895.959137483,3084573.898661244,3366422.5524286404,700,750,600,3,31.855976344046592,34.4416091836196,37032.422885402106,3
2,1696,56.0,4497488.3141269,3086246.075316688,3368682.8306270866,700,750,600,3,31.87030037075191,34.45851670782579,38743.49704587273,3
2,1697,59.0,4498294.039910898,3087148.1438911054,3370676.730272953,700,750,600,3,31.879915725141025,34.46154021955176,40794.019112692215,3
2,1698,62.0,4499347.899466536,3086917.469634889,3371260.6627816223,700,750,600,3,31.880864078886,34.45328134750114,41729.47223314643,3
2,1699,65.0,4498229.90204655,3087581.803824449,3374919.2263289434,700,750,600,3,31.91127455875684,34.46567623289877,43199.09160105139,3
2,1700,68.0,4498850.919330436,3087423.091888969,3376384.729511383,700,750,600,3,31.920416986035548,34.460611791489995,44332.247610965744,3
2,1701,71.0,4498647.7044182,3087264.8875835463,3376455.833974284,700,750,600,3,31.922174855992417,34.46044949656425,44151.64798355475,3
2,1702,74.0,4499388.871584969,3088421.3502607974,3377956.334021706,700,750,600,3,31.92758650776707,34.46605735685367,46019.2065835027,3
2,1703,77.0,4499838.185825786,3089162.847993076,3379984.23084131,700,750,600,3,31.939252168419205,34.46980552950878,47762.341661999,3
2,1704,80.0,4500059.4312355,3089896.125791064,3381553.9456217927,700,750,600,3,31.948344652544947,34.474836466047286,49099.82218051888,3
2,1705,83.0,4500179.736603266,3089480.470632599,3381691.713614787,700,750,600,3,31.95003524781668,34.470525033747904,49057.25220245775,3
2,1706,86.0,4500392.509530258,3089945.743380489,3383954.785169756,700,750,600,3,31.965138250942395,34.47328697123758,50627.334747568704,3
2,1707,89.0,4498699.2117272485,3089998.039058181,3384661.779402176,700,750,600,3,31.976977303250383,34.48380147751688,49842.67408419121,3
2,1708,92.0,4500916.092663239,3090648.071530256,3384929.2901816536,700,750,600,3,31.968606970956007,34.47625290724576,51846.70193773136,3
2,1709,95.0,4499683.481843872,3091246.7252833457,3386204.3878765907,700,750,600,3,31.981489821794305,34.48875531663377,51947.552206558175,3
2,1710,98.0,4499253.713009922,3090213.431899154,3387163.066286238,700,750,600,3,31.993214335057747,34.48236969521732,51658.71828029957,3
2,1711,101.0,4500353.880715849,3091101.6571494644,3388399.9309371803,700,750,600,3,31.99591590337692,34.48351674474478,53509.65610358771,3
2,1712,104.0,4499658.922348882,3092050.2156195585,3388929.643375797,700,750,600,3,32.000102305160205,34.49585136314255,53760.09005820192,3
2,1713,107.0,4498333.172834859,3091570.124759885,3388837.209304132,700,750,600,3,32.00586865868208,34.499579477138944,52553.957789408974,3
2,1714,110.0,4499370.058980017,3091186.625767621,3390343.505023286,700,750,600,3,32.014270062350754,34.49009812722949,53892.87555664964,3
2,1715,113.0,4499296.946013179,3090848.6005515284,3390003.777806221,700,750,600,3,32.01288710456204,34.487608328375124,53499.38453615457,3
2,1716,116.0,4499438.804061574,3091938.11294658,3389986.332136373,700,750,600,3,32.00927595214016,34.49619005303637,54112.44410753902,3
2,1717,119.0,4498106.223393815,3090678.0511630825,3391145.095763579,700,750,600,3,32.02665274954834,34.49321073653288,53190.530160654336,3
2,1718,122.0,4499066.6897812905,3090564.0650090114,3390912.270409016,700,750,600,3,32.02143939966321,34.48651506300648,53683.51919664815,3
2,1719,125.0,4497335.477732516,3089326.9293341325,3390660.836145755,700,750,600,3,32.02962322244345,34.486100404022785,51746.50765273068,3
2,1720,128.0,4498869.885289931,3090979.724071651,3391334.690264117,700,750,600,3,32.02429518989749,34.491281087872146,53969.531657600775,3
2,1721,131.0,4498065.765620153,3091403.553737648,3391114.018690692,700,750,600,3,32.02462659540904,34.499728368021906,53494.13985344954,3
2,1722,134.0,4497984.495046758,3090276.123130714,3390401.4732722533,700,750,600,3,32.02256939347664,34.49045652668139,52518.16802901123,3
2,1723,137.0,4495906.866772122,3091519.0239122007,3390120.6139902296,700,750,600,3,32.02522140515564,34.513568272468376,51514.48743087612,3
2,1724,140.0,4495004.512234848,3090598.987764126,3390171.042833973,700,750,600,3,32.03160497204044,34.510975753657824,50468.93521866109,3
2,1725,143.0,4496177.496336342,3090880.376734542,3388691.3432803308,700,750,600,3,32.015038601968755,34.50643186704768,50638.963826052845,3
2,1726,146.0,4497240.95292791,3090449.1477108914,3389570.417945044,700,750,600,3,32.01870845568263,34.49637490355332,51641.01532367058,3
2,1727,149.0,4496076.345556751,3090628.911424206,3387471.28073825,700,750,600,3,32.00685299627367,34.50485744595872,49800.75894098543,3
2,1728,152.0,4492779.262367662,3090950.9180414816,3387298.04569801,700,750,600,3,32.0175612281637,34.52726868020191,47560.06595018972,3
2,1729,155.0,4493849.201686722,3089325.444694908,3387390.402028219,700,750,600,3,32.01844958972115,34.5068270693433,47575.547313176095,3
2,1730,158.0,4494121.57456525,3088899.948776411,3386103.818207344,700,750,600,3,32.008762670588155,34.501521912066,46879.45200375188,3
2,1731,161.0,4492477.874197919,3089917.2417555,3385522.633197356,700,750,600,3,32.00804276923152,34.52011500971894,45911.60867110174,3
2,1732,164.0,4493890.609211348,3090717.4770040745,3384254.581886934,700,750,600,3,31.99074110118389,34.51863112396636,46611.36732213944,3
2,1733,167.0,4491110.563614659,3088388.818364968,3383722.268742827,700,750,600,3,32.00382878683582,34.515022368393474,43267.61202126648,3
2,1734,170.0,4489485.963181059,3088452.6610166985,3382434.6002495782,700,750,600,3,32.00022937844484,34.52525443401768,41480.76259799674,3
2,1735,173.0,4490458.697468416,3088558.3272351087,3380191.284631344,700,750,600,3,31.979093059910262,34.52037374794647,41022.85374322999,3
2,1736,176.0,4489400.007605248,3087571.7350842627,3380014.8206573594,700,750,600,3,31.984545555278785,34.51813478045018,39715.2718721116,3
2,1737,179.0,4488423.964527666,3088662.72260224,3377258.260713074,700,750,600,3,31.964467980584192,34.5334040100687,38097.95740097761,3
2,1738,182.0,4488287.531664181,3087016.777287183,3376687.647647367,700,750,600,3,31.965089190593982,34.51995594195112,36909.064994371496,3
2,1739,185.0,4485699.262029783,3087595.151135213,3374794.238240603,700,750,600,3,31.959249567760832,34.54040220944611,34375.88601273112,3
2,1740,188.0,4484859.926442054,3085176.2370602028,3372711.2981269634,700,750,600,3,31.95318855521987,34.52443900410019,31523.37204424292,3
2,1741,191.0,4485574.346265758,3086877.6733484184,3371501.355767157,700,750,600,3,31.936602347258727,34.5349286509881,32200.990911876783,3
2,1742,194.0,4484029.027624406,3085812.5195022733,3369313.242623021,700,750,600,3,31.92884567419835,34.534913926090184,29450.82268888969,3
2,1743,197.0,4483535.144840896,3086143.19401001,3368108.2276735664,700,750,600,3,31.92070553660965,34.54072864769283,28627.42311362829,3
2,1744,200.0,4480365.321126967,3083961.9308730173,3365069.183817676,700,750,600,3,31.915809151022525,34.540733989054125,23754.61468903348,3
2,1745,203.0,4482117.515686189,3084404.282340416,3363867.3392380886,700,750,600,3,31.89859818703814,34.53410910164005,24557.57512027491,3
2,1746,206.0,4479967.363069563,3084428.4591828445,3360947.7617444643,700,750,600,3,31.884666725727687,34.54715901793417,21522.98083266057,3
2,1747,209.0,4478949.385384879,3083691.613804735,3359260.799980741,700,750,600,3,31.877754517024176,34.54684681521349,19565.196983517148,3
2,1748,212.0,4478374.181029155,3080736.5811749976,3357474.141001333,700,750,600,3,31.874316526886872,34.524629605097566,16796.687978764065,3
2,1749,215.0,4475490.436169694,3083555.886601178,3354450.558994573,700,750,600,3,31.854902998528274,34.56634672548072,14540.969839136116,3
2,1750,218.0,4475609.709162721,3081191.604112447,3351757.7244461924,700,750,600,3,31.84021874713593,34.54510377840699,12064.355859522708,3
2,1751,221.0,4474428.570136897,3081748.715762889,3350592.9264193075,700,750,600,3,31.83442982393189,34.55700637360185,10891.887125439942,3
2,1752,224.0,4473511.256864778,3082038.6929613748,3346427.484364121,700,750,600,3,31.805363256574854,34.56501299929124,8193.535948503762,3
2,1753,227.0,4472817.737042071,3082458.1180916084,3344232.514112307,700,750,600,3,31.79013973567637,34.57280614168819,6753.855434011668,3
2,1754,230.0,4471305.536956106,3079216.529691892,3341688.984217028,700,750,600,3,31.78529785427652,34.55369308727099,2792.3175457008183,3
2,1755,233.0,4468399.450695471,3079690.9719362604,3337995.4131969432,700,750,600,3,31.767069863210303,34.57522055124546,-958.3308492815122,3
2,1756,236.0,4468096.391748924,3078536.1954051964,3334958.335302751,700,750,600,3,31.748068989280227,34.56699637290605,-3326.1595176970586,3
2,1757,239.0,4465686.389976415,3075588.651681453,3331981.120360419,700,750,600,3,31.74258253574541,34.55579749689488,-8002.32220257353,3
2,1758,242.0,4465449.615444682,3075923.52170134,3329414.5422383,700,750,600,3,31.722892876783582,34.56013078562278,-9356.524370785804,3
2,1759,245.0,4465327.702466558,3076702.2696868465,3325169.5836688364,700,750,600,3,31.688648850085983,34.56763772118277,-11297.037610010244,3
2,1760,248.0,4464175.074176834,3075408.9927837835,3322391.265229556,700,750,600,3,31.675270641057423,34.56329395065449,-14188.330958512612,3
2,1761,251.0,4463178.601857496,3073894.872149404,3319819.088361537,700,750,600,3,31.663450876234304,34.55608809091251,-16968.207337237895,3
