altitude,latitude,longitude,time,id
4356.771694501862,31.594244660157724,34.42945804898946,5.0,1
4451.8775566685945,31.594853123536826,34.42916766407916,5.10004066693778,1
4546.939630432986,31.595461727283723,34.428877849864456,5.200081333875559,1
4641.913291173056,31.596070630702354,34.42858917214089,5.300122000813339,1
4736.753914106637,31.59667999310928,34.4283021966751,5.400162667751118,1
4831.416874292307,31.59728997383369,34.42801748920517,5.500203334688898,1
4925.85754665453,31.597900732217347,34.427735615440845,5.6002440016266775,1
5020.031306005083,31.598512427614644,34.42745714106411,5.700284668564457,1
5113.893527066335,31.599125219392526,34.42718263172962,5.800325335502237,1
5207.399584511295,31.599739266930467,34.4269126530654,5.900366002440016,1
5300.504852994345,31.600354729620502,34.42664777067354,6.000406669377796,1
5393.164707196876,31.600971766867175,34.4263885501311,6.100447336315575,1
5485.334521878511,31.601590538087457,34.42613555699098,6.200488003253355,1
5576.969671919011,31.602211202710816,34.425889356782974,6.3005286701911345,1
5668.02553238906,31.602833920179112,34.42565051501493,6.400569337128914,1
5758.457478608936,31.603458849946545,34.4254195971739,6.500610004066694,1
5848.236535475589,31.60408610935963,34.42519705532372,6.600650671004473,1
5937.395190572366,31.604715650341728,34.42498289612857,6.700691337942253,1
6025.9810186186805,31.605347384196683,34.42477701693623,6.800732004880032,1
6114.041594338603,31.605981222213362,34.424579315110186,6.900772671817812,1
6201.624492448755,31.60661707566546,34.424389688028675,7.0008133387555915,1
6288.777287636884,31.60725485581139,34.424208033084014,7.100854005693371,1
6375.547554554418,31.607894473894117,34.42403424768178,7.200894672631151,1
6461.982867797837,31.608535841141013,34.42386822924011,7.30093533956893,1
6548.130801896565,31.609178868763745,34.42370987518884,7.40097600650671,1
6634.038931292482,31.609823467958208,34.423559082968964,7.501016673444489,1
6719.754830335267,31.610469549904327,34.42341575003179,7.601057340382269,1
6805.326073257253,31.611117025766102,34.423279773838345,7.701098007320049,1
6890.800234175287,31.611765806691423,34.42315105185865,7.801138674257828,1
6976.224887066521,31.612415803812105,34.423029481571135,7.901179341195608,1
7061.647605728358,31.61306692824376,34.42291496046202,8.001220008133387,1
7147.100428559817,31.613719085114663,34.42280744024937,8.101260675071167,1
7232.555484683253,31.614372156523647,34.42270708176118,8.201301342008946,1
7317.970463564619,31.615026019040023,34.422614096218304,8.301342008946726,1
7403.303054170683,31.61568054925654,34.42252869483479,8.401382675884506,1
7488.510944978334,31.616335623789343,34.42245108881834,8.501423342822285,1
7573.551823999733,31.61699111927783,34.42238148937081,8.601464009760065,1
7658.383378808387,31.617646912384537,34.42232010768861,8.701504676697844,1
7742.963296557777,31.618302879795,34.422267154963265,8.801545343635624,1
7827.249264007434,31.61895889821756,34.42222284238193,8.901586010573403,1
7911.198967547156,31.619614844383197,34.422187381127905,9.001626677511183,1
7994.770093227737,31.62027059504533,34.42216098238125,9.101667344448963,1
8077.9203267795965,31.62092602697954,34.42214385731934,9.201708011386742,1
8160.607353649102,31.621581016983402,34.422136217117476,9.301748678324522,1
8242.788859022781,31.62223544187613,34.42213827294955,9.401789345262301,1
8324.42252794467,31.6228891784987,34.42215023598794,9.501830012200081,1
8405.4805516731,31.623542164862517,34.42217219189167,9.60187067913786,1
8485.990050171502,31.62419457052329,34.422203751071386,9.70191134607564,1
8565.99114337936,31.62484661980439,34.422244411484286,9.80195201301342,1
8645.523952615447,31.62549853699977,34.422293671102395,9.9019926799512,1
8724.628600521944,31.626150546374504,34.422351027911795,10.002033346888979,1
8803.345210997388,31.626802872165268,34.42241597991199,10.102074013826758,1
8881.713909147307,31.627455738580778,34.422488025115236,10.202114680764538,1
8959.774821233004,31.628109369802225,34.42256666154598,10.302155347702318,1
9037.568074624985,31.628763989983526,34.42265138724026,10.402196014640097,1
9115.13379775919,31.629419823251745,34.42274170024522,10.502236681577877,1
9192.512120105326,31.630077093707218,34.422837098618594,10.602277348515656,1
9269.743172135204,31.630736025423836,34.4229370804283,10.702318015453436,1
9346.867085287347,31.631396842449178,34.42304114375198,10.802358682391215,1
9423.923991953023,31.6320597688046,34.42314878667672,10.902399349328995,1
9500.954025423154,31.63272502848387,34.42325950729982,11.002440016266775,1
9577.995272462256,31.633392740715887,34.42337289088559,11.102480683204554,1
9655.078207491897,31.634062635300243,34.42348884675318,11.202521350142334,1
9732.231534560211,31.63473435155732,34.42360735951403,11.302562017080113,1
9809.483955877833,31.63540752881281,34.42372841377604,11.402602684017893,1
9886.86417181138,31.636081806397705,34.42385199414346,11.502643350955672,1
9964.400880860165,31.63675682364829,34.423978085216625,11.602684017893452,1
10042.122779658996,31.637432219906223,34.424106671591765,11.702724684831232,1
10120.05856297072,31.638107634518573,34.424237737860786,11.802765351769011,1
10198.23692368716,31.638782706837944,34.42437126861108,11.90280601870679,1
10276.686552827246,31.639457076222598,34.42450724842531,12.00284668564457,1
10355.436139537022,31.64013038203668,34.424645661881236,12.10288735258235,1
10434.514371101744,31.640802263650325,34.4247864935515,12.20292801952013,1
10513.949932948686,31.641472360440016,34.424929728003434,12.302968686457909,1
10593.771508660167,31.642140311788737,34.42507534979888,12.403009353395689,1
10674.007779851556,31.64280575708915,34.42522334349362,12.503050020333468,1
10754.682261930779,31.6434684434015,34.425373679377145,12.603090687271248,1
10835.79961572215,31.644128510826352,34.42552627567481,12.703131354209027,1
10917.360201722011,31.644786189122062,34.42568103873654,12.803172021146807,1
10999.36438157782,31.64544170803629,34.425837874914606,12.903212688084587,1
11081.812518065795,31.64609529730593,34.4259966905638,13.003253355022368,1
11164.704975085333,31.646747186656917,34.426157392041546,13.103294021960147,1
11248.04211764317,31.64739760580412,34.42631988570806,13.203334688897927,1
11331.824311849661,31.64804678445117,34.42648407792644,13.303375355835707,1
11416.051924906671,31.64869495229031,34.426649875062786,13.403416022773486,1
11500.725325101055,31.649342339002256,34.42681718348636,13.503456689711266,1
11585.84488179814,31.649989174256074,34.42698590956963,13.603497356649045,1
11671.410965441726,31.650635687708995,34.42715595968844,13.703538023586825,1
11757.423947541974,31.65128210900629,34.42732724022209,13.803578690524605,1
11843.884200675413,31.651928667781075,34.42749965755341,13.903619357462384,1
11930.792098386213,31.652575593650635,34.42767311806815,14.003660024400164,1
12018.145620792173,31.653223033900755,34.42784751107593,14.103700691337943,1
12105.934164512902,31.653870840718646,34.42802266466285,14.203741358275723,1
12194.145202377811,31.654518800207125,34.428198393204795,14.303782025213502,1
12282.766205960885,31.655166698486987,34.42837451108228,14.403822692151282,1
12371.784645577893,31.655814321697136,34.42855083268055,14.503863359089062,1
12461.187990283594,31.65646145599471,34.4287271723897,14.603904026026841,1
12550.963707881048,31.65710788755525,34.428903344604784,14.70394469296462,1
12641.09926491417,31.65775340257276,34.42907916372595,14.8039853599024,1
12731.582126682624,31.65839778725985,34.42925444415856,14.90402602684018,1
12822.399757235311,31.659040827847797,34.429429000313306,15.00406669377796,1
12913.539619385265,31.659682310586646,34.42960264660634,15.104107360715739,1
13004.989174718969,31.66032202174526,34.429775197459406,15.204148027653519,1
13096.73588360101,31.66095974761139,34.42994646729997,15.304188694591298,1
13188.767205184326,31.661595274491727,34.430116270561314,15.404229361529078,1
13281.070597141981,31.662228388718482,34.43028442167978,15.504270028466857,1
13373.629311189987,31.66285897224666,34.43045069230519,15.604310695404637,1
13466.411797331646,31.663487243581677,34.430614703462425,15.704351362342416,1
13559.383251340128,31.664113495241967,34.43077604306639,15.804392029280196,1
13652.508870089427,31.664738019744803,34.43093429905123,15.904432696217976,1
13745.753851561807,31.665361109605996,34.43108905937027,16.004473363155753,1
13839.08339484781,31.665983057339634,34.431239911995895,16.104514030093533,1
13932.462700175121,31.666604155457932,34.43138644491937,16.204554697031313,1
14025.856968914159,31.66722469647087,34.43152824615053,16.304595363969092,1
14119.231403606944,31.667844972886108,34.43166490371747,16.40463603090687,1
14212.551207992248,31.668465277208757,34.43179600566614,16.50467669784465,1
14305.781587037258,31.669085901941248,34.43192114005987,16.60471736478243,1
14398.887746968307,31.669707139583135,34.432039894978786,16.70475803172021,1
14491.834895312786,31.670329282631023,34.43215185851921,16.80479869865799,1
14584.588240941986,31.670952623578437,34.432256618793005,16.90483936559577,1
14677.112995240837,31.671577454901147,34.43235376395188,17.00488003253355,1
14769.385524663143,31.67220392412998,34.43244313171129,17.10492069947133,1
14861.420751189813,31.672831677773736,34.43252542241127,17.20496136640911,1
14953.241920337081,31.673460254172024,34.43260152262319,17.305002033346888,1
15044.872275933623,31.674089191679162,34.4326723188871,17.405042700284667,1
15136.33506004233,31.67471802866443,34.43273869771244,17.505083367222447,1
15227.65351290442,31.675346303512313,34.4328015455788,17.605124034160227,1
15318.850872886367,31.67597355462258,34.4328617489364,17.705164701098006,1
15409.95037645474,31.67659932041051,34.43292019420654,17.805205368035786,1
15500.975258150138,31.677223139306985,34.43297776778174,17.905246034973565,1
15591.948750597425,31.677844549758554,34.43303535602585,18.005286701911345,1
15682.894084513187,31.678463090227527,34.43309384527397,18.105327368849125,1
15773.834488734603,31.679078299192017,34.433154121832246,18.205368035786904,1
15864.7931902688,31.6796897151459,34.43321707197744,18.305408702724684,1
15955.793414348736,31.680296876598828,34.43328358195641,18.405449369662463,1
16046.858382020146,31.680899322097133,34.43335453795462,18.505490036600243,1
16137.993686527945,31.68149673899271,34.433430607260284,18.605530703538022,1
16229.145087173209,31.682089319729112,34.433511714187965,18.705571370475802,1
16320.245660452172,31.68267736382998,34.4335976255597,18.80561203741358,1
16411.228484342806,31.683261170826352,34.43368810820832,18.90565270435136,1
16502.026638255455,31.683841040256336,34.43378292897814,19.00569337128914,1
16592.57320300024,31.684417271664838,34.43388185472562,19.10573403822692,1
16682.801260759123,31.684990164603303,34.43398465231993,19.2057747051647,1
16772.64389503561,31.685560018629655,34.43409108864355,19.30581537210248,1
16862.034190642647,31.686127133308077,34.434200930592645,19.40585603904026,1
16950.905233655125,31.686691808209034,34.43431394507751,19.50589670597804,1
17039.19011140056,31.687254342909302,34.43442989902291,19.605937372915818,1
17126.821912429295,31.68781503699202,34.43454855936833,19.705978039853598,1
17213.733726486564,31.688374190046797,34.43466969306822,19.806018706791377,1
17299.858644505963,31.688932101669987,34.43479306709211,19.906059373729157,1
17385.12976241298,31.689489071455895,34.434918448429556,20.006100040666936,1
17469.500273054466,31.690045351898274,34.43504562990144,20.106140707604716,1
17552.990362240933,31.690601038449348,34.43517449040063,20.206181374542496,1
17635.634158828296,31.69115619386336,34.435304926734354,20.306222041480275,1
17717.46579187829,31.691710880879327,34.43543683571155,20.406262708418055,1
17798.51939065568,31.692265162221112,34.43557011414266,20.506303375355834,1
17878.82908462826,31.69281910059755,34.435704658839356,20.606344042293614,1
17958.429003461264,31.693372758702562,34.43584036661448,20.706384709231394,1
18037.353277018294,31.693926199215255,34.43597713428177,20.806425376169173,1
18115.636035354808,31.694479484800013,34.43611485865577,20.906466043106953,1
18193.311408719048,31.695032678106553,34.43625343655164,21.006506710044736,1
18270.41352755297,31.695585841770054,34.436392764785026,21.106547376982515,1
18346.976522486657,31.69613903841119,34.436532740171934,21.206588043920295,1
18423.034524341114,31.69669233063617,34.43667325952859,21.306628710858075,1
18498.621664125472,31.69724578103686,34.43681421967134,21.406669377795854,1
18573.77207234688,31.69779945217701,34.43695551739825,21.506710044733634,1
18648.517115245573,31.69835335125548,34.43709697593435,21.606750711671413,1
18722.879108132794,31.69890730425098,34.43723817763567,21.706791378609193,1
18796.878515860066,31.699461100119187,34.43737865564872,21.806832045546972,1
18870.535802002996,31.700014527820585,34.4375179431273,21.906872712484752,1
18943.871428869665,31.70056737632027,34.43765557323218,22.00691337942253,1
19016.905857512727,31.701119434587852,34.43779107913106,22.10695404636031,1
19089.65954773873,31.701670491597284,34.43792399399845,22.20699471329809,1
19162.15295813419,31.702220336326672,34.43805385101561,22.30703538023587,1
19234.406546082348,31.702768757758207,34.43818018337056,22.40707604717365,1
19306.44076779578,31.703315544877892,34.438302524258184,22.50711671411143,1
19378.276078344323,31.703860486675463,34.43842040688033,22.60715738104921,1
19449.932931688614,31.704403372144185,34.43853336444593,22.70719804798699,1
19521.43178072665,31.70494399028069,34.43864093017124,22.807238714924768,1
19592.79307732731,31.70548213008477,34.43874263728014,22.907279381862548,1
19664.03727037739,31.706017580591467,34.43883801904428,23.007320048800327,1
19735.178498528898,31.706550232329146,34.43892673435029,23.107360715738107,1
19806.210613625124,31.70708030215361,34.439008845962164,23.207401382675886,1
19877.1233994551,31.707608072369585,34.43908449765669,23.307442049613666,1
19947.906641243026,31.708133825270878,34.43915383320929,23.407482716551446,1
20018.550125611015,31.708657843140568,34.439216996393675,23.507523383489225,1
20089.043640570715,31.709180408251033,34.439274130981474,23.607564050427005,1
20159.376975493506,31.70970180286406,34.4393253807421,23.707604717364784,1
20229.539921095595,31.710222309231014,34.43937088944237,23.807645384302564,1
20299.522269412875,31.710742209592894,34.43941080084637,23.907686051240344,1
20369.3138137972,31.711261786180508,34.43944525871508,24.007726718178123,1
20438.90434889309,31.7117813212146,34.439474406806305,24.107767385115903,1
20508.283670628443,31.712301096905982,34.43949838887435,24.207808052053682,1
20577.441576207057,31.712821395455702,34.43951734866988,24.307848718991462,1
20646.367864096537,31.71334249905522,34.43953142993976,24.40788938592924,1
20715.052336005494,31.713864689895342,34.439540776449185,24.50793005286702,1
20783.489782659337,31.71438827242563,34.43954558830272,24.6079707198048,1
20851.69074752927,31.71491362140415,34.43954624353124,24.70801138674258,1
20919.668877482414,31.715441125416223,34.4395431551946,24.80805205368036,1
20987.437821063213,31.715971173026084,34.43953673634313,24.90809272061814,1
21055.01122847572,31.716504152777052,34.4395274000178,25.00813338755592,1
21122.402751605958,31.717040453191704,34.4395155592504,25.1081740544937,1
21189.6260440154,31.717580462772002,34.43950162706372,25.208214721431478,1
21256.694760964252,31.718124569999386,34.439486016471825,25.308255388369258,1
21323.62255941797,31.71867316333489,34.43946914048025,25.408296055307037,1
21390.42309807893,31.71922663121915,34.43945141208629,25.508336722244817,1
21457.11003741715,31.719785362072418,34.43943324427924,25.608377389182596,1
21523.697039700113,31.720349744294552,34.43941505004072,25.708418056120376,1
21590.197769033723,31.720920166264982,34.439397242344945,25.808458723058155,1
21656.62589141261,31.72149701634262,34.439380234159074,25.908499389995935,1
21722.995074173436,31.722080682762076,34.43936443840013,26.008540056933715,1
21789.317798572592,31.722671341092934,34.4393501788761,26.108580723871494,1
21855.602860984392,31.723268507327653,34.43933750301604,26.208621390809274,1
21921.858343143016,31.7238715699777,34.43932640482408,26.308662057747053,1
21988.092324143276,31.724479917577302,34.439316878305455,26.408702724684833,1
22054.31288038008,31.72509293868323,34.43930891746637,26.508743391622613,1
22120.528085486032,31.725710021874864,34.4393025163139,26.608784058560392,1
22186.74601028301,31.72633055575401,34.43929766885584,26.70882472549817,1
22252.97472273279,31.726953928944962,34.43929436910061,26.80886539243595,1
22319.222287901677,31.72757953009437,34.439292611057084,26.90890605937373,1
22385.49676793255,31.728206747871326,34.43929238873454,27.00894672631151,1
22451.806222016923,31.72883497096726,34.43929369614247,27.10898739324929,1
22518.15870638378,31.729463588096035,34.43929652729051,27.20902806018707,1
22584.56227429118,31.730091987993966,34.439300876188256,27.30906872712485,1
22651.024976019748,31.73071955941982,34.439306736845225,27.40910939406263,1
22717.554856703617,31.73134569121498,34.43931410325486,27.50915006100041,1
22784.156260229647,31.731969874064674,34.439322942568836,27.609190727938188,1
22850.822260982357,31.732591908886683,34.43933314016251,27.709231394875967,1
22917.543794466183,31.733211655474776,34.439344565895034,27.809272061813747,1
22984.311795542948,31.733828973632296,34.439357089627265,27.909312728751527,1
23051.11719842814,31.734443723172173,34.4393705812218,28.009353395689306,1
23117.950936699286,31.735055763916858,34.43938491054301,28.109394062627086,1
23184.803943303414,31.73566495569833,34.439399947457105,28.209434729564865,1
23251.667150554247,31.736271158358097,34.439415561832156,28.309475396502645,1
23318.531490156427,31.73687423174708,34.43943162353815,28.409516063440424,1
23385.38789319154,31.737474035725672,34.43944800244704,28.509556730378204,1
23452.227290140465,31.73807043016364,34.43946456843275,28.609597397315984,1
23519.04061089363,31.738663274940063,34.43948119137127,28.709638064253763,1
23585.81878474541,31.739252429943328,34.43949774114066,28.809678731191543,1
23652.552740421146,31.739837755071026,34.43951408762112,28.909719398129322,1
23719.233401372097,31.740419110346057,34.43953010071409,29.009760065067102,1
23785.845012665726,31.740996520683776,34.43954567736515,29.10980073200488,1
23852.351835626177,31.741570504440606,34.43956079544922,29.20984139894266,1
23918.714411756955,31.742141671873167,34.43957544791616,29.30988206588044,1
23984.89328532107,31.742710633226213,34.43958962771675,29.40992273281822,1
24050.84900331404,31.743277998732697,34.43960332780264,29.509963399756,1
24116.54211543966,31.743844378613733,34.439616541126185,29.61000406669378,1
24181.933174096048,31.744410383078854,34.43962926064053,29.71004473363156,1
24246.98273437377,31.744976622326163,34.43964147929941,29.81008540056934,1
24311.651354041882,31.745543706542705,34.43965319005718,29.910126067507118,1
24375.89959356282,31.746112245904786,34.43966438586867,30.010166734444898,1
24439.688016107306,31.746682850578463,34.43967505968918,30.110207401382677,1
24502.977187575772,31.747256130720057,34.43968520447437,30.210248068320457,1
24565.727676613256,31.747832696476763,34.4396948131802,30.310288735258236,1
24627.900054667145,31.748413157987297,34.43970387876285,30.410329402196016,1
24689.454910043627,31.748998125285684,34.43971239426164,30.510370069133796,1
24750.3697147863,31.749588091677996,34.4397204525729,30.610410736071575,1
24810.671568320133,31.75018320733119,34.43972844014421,30.710451403009355,1
24870.396643811837,31.750783559664132,34.43973679708848,30.810492069947134,1
24929.58111502044,31.751389236081536,34.43974596351359,30.910532736884914,1
24988.261156302877,31.752000323973665,34.43975637952302,31.010573403822693,1
25046.47294263169,31.752616910716156,34.43976848521642,31.110614070760473,1
25104.252649619244,31.75323908366958,34.43978272069013,31.210654737698253,1
25161.63645352237,31.753866930179328,34.43979952603765,31.310695404636032,1
25218.660531283356,31.754500537575066,34.43981934135011,31.41073607157381,1
25275.361060551368,31.755139993170474,34.43984260671663,31.51077673851159,1
25331.774219707586,31.75578538426285,34.43986976222471,31.61081740544937,1
25387.93618790619,31.756436798132647,34.439901247960556,31.71085807238715,1
25443.883145105094,31.757094322043063,34.439937504009286,31.81089873932493,1
25499.651272098534,31.757758043239562,34.43997897045529,31.91093940626271,1
25555.276751619764,31.758428048774032,34.440026087124195,32.010980073200486,1
25610.79684255272,31.759104245117857,34.440079028092924,32.11102074013827,1
25666.251908097416,31.759786017292264,34.44013719998844,32.211061407076045,1
25721.68286527507,31.760472656751595,34.44019987172001,32.31110207401383,1
25777.13062730804,31.761163454958638,34.44026631219883,32.411142740951604,1
25832.636103532277,31.761857703384475,34.44033579033709,32.51118340788939,1
25888.240199295804,31.762554693508562,34.440407575047246,32.61122407482716,1
25943.98381589167,31.763253716818756,34.440480935241496,32.71126474176495,1
25999.90785051044,31.763954064811387,34.44055513983145,32.81130540870272,1
26056.05319619365,31.764655028991434,34.440629457728015,32.91134607564051,1
26112.46074183099,31.76535590087268,34.44070315784144,33.01138674257828,1
26169.171372139826,31.766055971977963,34.44077550908167,33.11142740951607,1
26226.225967700593,31.766754533839492,34.44084578035877,33.21146807645384,1
26283.665404981934,31.76745087799913,34.4409132405837,33.31150874339163,1
26341.53055638261,31.76814429600881,34.44097715866912,33.4115494103294,1
26399.862271678634,31.768834079507688,34.441036803812274,33.511590077267186,1
26458.68481820915,31.76951958838886,34.441091695732005,33.61163074420496,1
26517.975425747223,31.77020037617434,34.44114206488741,33.711671411142746,1
26577.70303799212,31.77087603051504,34.441188266919276,33.81171207808052,1
26637.836596787907,31.77154613909181,34.44123065746875,33.911752745018305,1
26698.345042156987,31.77221028961549,34.44126959217688,34.01179341195608,1
26759.19731231779,31.772868069827073,34.441305426684075,34.111834078893864,1
26820.36234372761,31.773519067497595,34.44133851662977,34.211874745831636,1
26881.809071112424,31.774162870428224,34.441369217651946,34.31191541276942,1
26943.506427515298,31.77479906645011,34.44139788538662,34.411956079707195,1
27005.423344342038,31.775427243424286,34.44142487546751,34.51199674664498,1
27067.52875141427,31.77604698924145,34.44145054352554,34.612037413582755,1
27129.791577031836,31.776657891821753,34.44147524518841,34.71207808052054,1
27192.180748031475,31.777259539114535,34.44149933608016,34.812118747458314,1
27254.665189855732,31.77785151909795,34.441523171820805,34.9121594143961,1
27317.2138314005,31.778433420004237,34.441547107939556,35.01220008133387,1
27379.799295789562,31.77900500488003,34.44157143314069,35.11224074827166,1
27442.404506582767,31.779566523964128,34.441596249878835,35.21228141520943,1
27505.014169714414,31.780118311702402,34.44162162841345,35.31232208214722,1
27567.612993127666,31.780660702532792,34.44164763900315,35.41236274908499,1
27630.185686720535,31.78119403088495,34.441674351905704,35.51240341602278,1
27692.716962274164,31.7817186311802,34.44170183737801,35.61244408296055,1
27755.191533404402,31.78223483783122,34.44173016567606,35.71248474989834,1
27817.594115506858,31.782742985241885,34.441759407054924,35.81252541683611,1
27879.90942568984,31.783243407807145,34.44178963176881,35.912566083773896,1
27942.12218275387,31.78373643991285,34.44182091007095,36.01260675071167,1
28004.217107108794,31.784222415935623,34.44185331221376,36.112647417649455,1
28066.178920755163,31.78470167024271,34.44188690844871,36.21268808458723,1
28127.99234722834,31.785174537191942,34.4419217690265,36.312728751525015,1
28189.642111554742,31.785641351131595,34.441957964197,36.41276941846279,1
28251.11293287482,31.786102446182625,34.441995564300015,36.512810085400574,1
28312.384535368532,31.786558008485272,34.44203470131797,36.612850752338346,1
28373.42296127323,31.787007818965417,34.442075676039764,36.71289141927613,1
28434.19193110522,31.787451589825537,34.442118817885536,36.812932086213905,1
28494.655164688826,31.787889033287254,34.4421644562694,36.91297275315169,1
28554.77638120856,31.78831986159078,34.442212920599374,37.01301342008947,1
28614.519299247302,31.788743786994292,34.44226454027746,37.11305408702725,1
28673.847636847757,31.78916052177338,34.44231964469965,37.21309475396503,1
28732.725111566484,31.789569778220272,34.4423785632559,37.31313542090281,1
28791.115440526977,31.789971268643267,34.442441625330275,37.41317608784059,1
28848.9823404802,31.79036470536584,34.442509160300965,37.51321675477837,1
28906.289527877234,31.790749800725916,34.442581497540395,37.61325742171615,1
28963.00071892701,31.79112626707504,34.442658966415316,37.71329808865393,1
29019.079629675485,31.791493816777507,34.442741896286954,37.81333875559171,1
29074.489976072684,31.791852162209384,34.442830616511124,37.91337942252949,1
29129.19551442191,31.79220101608142,34.4429254563391,38.01342008946727,1
29183.184236595407,31.792540285474857,34.44302668538436,38.11346075640505,1
29236.50934509933,31.79287040042109,34.44313441280446,38.21350142334283,1
29289.234900206327,31.79319187797617,34.443248721042345,38.313542090280606,1
29341.42496416904,31.793505235159557,34.443369692537445,38.413582757218386,1
29393.143601143733,31.793810988955403,34.44349740972537,38.513623424156165,1
29444.454877115786,31.794109656313694,34.443631955037645,38.613664091093945,1
29495.42285984289,31.794401754151274,34.443773410901336,38.713704758031724,1
29546.111618784256,31.794687799352882,34.44392185973881,38.813745424969504,1
29596.585225050338,31.794968308771907,34.44407738396737,38.91378609190728,1
29646.907751353458,31.795243799231187,34.444240065998905,39.01382675884506,1
29697.143271959387,31.795514787523626,34.44440998823961,39.11386742578284,1
29747.35586265009,31.795781790412715,34.44458723308958,39.21390809272062,1
29797.609600692987,31.796045324633013,34.4447718829425,39.3139487596584,1
29847.968564805575,31.796305906890375,34.44496402018524,39.41398942659618,1
29898.496835953556,31.796564053944397,34.44516372680199,39.51403009353396,1
29949.258934824727,31.796820326333933,34.44537087375523,39.61407076047174,1
30000.320542015135,31.797075400388337,34.44558477412615,39.71411142740952,1
30051.747528115287,31.79732997132879,34.4458046498706,39.8141520943473,1
30103.605764296837,31.797584734348106,34.44602972295615,39.91419276128508,1
30155.961122251116,31.797840384610684,34.44625921536232,40.01423342822286,1
30208.879474133253,31.798097617252253,34.44649234908114,40.11427409516064,1
30262.426692547277,31.798357127379393,34.44672834611738,40.21431476209842,1
30316.66865053121,31.79861961006889,34.44696642848914,40.3143554290362,1
30371.671221558936,31.798885760366893,34.44720581822837,40.41439609597398,1
30427.50027957745,31.799156273287892,34.44744573738131,40.51443676291176,1
30484.221699047834,31.79943184381348,34.44768540800923,40.614477429849536,1
30541.901355000213,31.799713166890946,34.447924052189016,40.714518096787316,1
30600.605123124085,31.80000093743167,34.44816089201382,40.814558763725096,1
30660.398879858665,31.800295850309276,34.448395149593814,40.914599430662875,1
30721.348433787003,31.8005985999553,34.4486260472893,41.014640097600655,1
30783.486835900694,31.800909688937246,34.44885291819728,41.114680764538434,1
30846.762034605257,31.801229121468133,34.44907538306733,41.214721431476214,1
30911.108336664736,31.80155682188711,34.44929310877446,41.31476209841399,1
30976.46004873421,31.80189271454308,34.44950576221275,41.41480276535177,1
31042.75147736352,31.80223672379559,34.44971301029521,41.51484343228955,1
31109.916929021478,31.80258877401564,34.44991451995349,41.61488409922733,1
31177.890710104257,31.8029487895864,34.45010995813748,41.71492476616511,1
31246.607126956806,31.803316694904115,34.45029899181492,41.81496543310289,1
31316.000485878438,31.803692414378705,34.450481287971,41.91500610004067,1
31386.00509315636,31.80407587243461,34.45065651360775,42.01504676697845,1
31456.55525507871,31.80446699351138,34.4508243357434,42.11508743391623,1
31527.585277958773,31.80486570206445,34.450984421411896,42.21512810085401,1
31599.029468160123,31.805271922565694,34.45113643766199,42.31516876779179,1
31670.82213212177,31.805685579504097,34.45128005155653,42.41520943472957,1
31742.897577883676,31.806106597159616,34.45141493050431,42.51525010166735,1
31815.19075299613,31.806534802769995,34.451540884331,42.61529076860513,1
31887.63823706191,31.80696977581379,34.45165808640895,42.71533143554291,1
31960.176865654066,31.807411056832205,34.45176676728215,42.81537210248069,1
32032.74347346369,31.807858186401695,34.45186715748806,42.91541276941847,1
32105.27489423193,31.808310705134758,34.45195948755719,43.015453436356246,1
32177.707960650325,31.80876815368061,34.45204398801291,43.115494103294026,1
32249.979504308663,31.809230072725814,34.45212088937123,43.215534770231805,1
32322.0263556242,31.80969600299479,34.452190422140525,43.315575437169585,1
32393.785343769006,31.810165485250252,34.45225281682142,43.415616104107364,1
32465.19329662528,31.81063806029346,34.45230830390655,43.515656771045144,1
32536.18704073131,31.811113268964533,34.45235711388045,43.615697437982924,1
32606.703401216306,31.811590652142556,34.45239947721945,43.7157381049207,1
32676.679201783612,31.812069750745543,34.45243562439151,43.81577877185848,1
32746.051264661364,31.812550105730498,34.45246578585621,43.91581943879626,1
32814.75646905135,31.813031258267458,34.45249019211465,44.01586010573404,1
32882.754285198636,31.813512816881456,34.45250909296716,44.11590077267182,1
32950.06086190045,31.813994559001916,34.452522786643385,44.2159414396096,1
33016.701093461365,31.81447628812024,34.452531578837245,44.31598210654738,1
33082.69987356197,31.814957807727918,34.45253577523295,44.41602277348516,1
33148.08209525701,31.8154389213165,34.45253568150549,44.51606344042294,1
33212.872650936246,31.81591943237744,34.45253160332131,44.61610410736072,1
33277.096432329156,31.816399144402123,34.45252384633877,44.7161447742985,1
33340.77833047509,31.81687786088174,34.45251271620865,44.81618544123628,1
33403.943235725164,31.81735538530726,34.452498518574586,44.91622610817406,1
33466.61603771988,31.817831521169357,34.45248155907344,45.01626677511184,1
33528.82162539009,31.81830607195846,34.45246214333578,45.11630744204962,1
33590.58488694485,31.818778841164605,34.452440576986106,45.2163481089874,1
33651.93070987519,31.81924963227754,34.45241716564321,45.316388775925176,1
33712.883980946615,31.819718248786586,34.452392214920444,45.416429442862956,1
33773.46956381202,31.820184494372704,34.4523660302804,45.516470109800736,1
33833.704483756796,31.82064823990262,34.45233886626565,45.616510776738515,1
33893.58644169103,31.82110952189274,34.452310851881535,45.716551443676295,1
33953.11021333467,31.821568401935,34.45228209712715,45.816592110614074,1
34012.270574648865,31.82202494161981,34.45225271199938,45.916632777551854,1
34071.06230183225,31.82247920253604,34.4522228064929,46.01667344448963,1
34129.480171310715,31.822931246271096,34.45219249060024,46.11671411142741,1
34187.51895973738,31.823381134410866,34.452161874311805,46.21675477836519,1
34245.17344399355,31.823828928539807,34.4521310676159,46.31679544530297,1
34302.43840117566,31.82427469024095,34.452100180498746,46.41683611224075,1
34359.308608612046,31.824718481095875,34.452069322944574,46.51687677917853,1
34415.778843827546,31.825160362684823,34.45203860493563,46.61691744611631,1
34471.84388457704,31.82560039658663,34.4520081364522,46.71695811305409,1
34527.49850882217,31.82603864437881,34.45197802747276,46.81699877999187,1
34582.73749473784,31.826475167637525,34.45194838797388,46.91703944692965,1
34637.555634047836,31.826910028337586,34.45191932792282,47.01708011386743,1
34691.951968552545,31.827343415798286,34.4518909548714,47.11712078080521,1
34745.935839096084,31.82777582790971,34.45186337052082,47.21716144774299,1
34799.51811762713,31.828207808367853,34.45183667570195,47.31720211468077,1
34852.70967791509,31.82863990084723,34.45181097124403,47.41724278161855,1
34905.521395546384,31.82907264900116,34.45178635797476,47.51728344855633,1
34957.96414792817,31.82950659646213,34.45176293672041,47.61732411549411,1
35010.0488143079,31.82994228684207,34.45174080830589,47.717364782431886,1
35061.78627577983,31.830380263732636,34.45172007355498,47.817405449369666,1
35113.187415320426,31.83082107070543,34.45170083329035,47.917446116307445,1
35164.2631178014,31.831265251312253,34.451683188333796,48.017486783245225,1
35215.02427004371,31.83171334908537,34.45166723950631,48.117527450183005,1
35265.48176084086,31.832165907537618,34.4516530876283,48.217568117120784,1
35315.64648102131,31.832623470162634,34.45164083351972,48.317608784058564,1
35365.52932348754,31.833086580435015,34.45163057800026,48.41764945099634,1
35415.14122473821,31.833555780812432,34.45162242133287,48.51769011793412,1
35464.50517716631,31.834031323561398,34.45161630191729,48.6177307848719,1
35513.672881260514,31.834512769852253,34.451611772656285,48.71777145180968,1
35562.70021790825,31.834999580180927,34.45160833030062,48.81781211874746,1
35611.64306614734,31.835491215043778,34.45160547160666,48.91785278568524,1
35660.55730311293,31.835987134937074,34.45160269333597,49.01789345262302,1
35709.4988039732,31.83648680035659,34.451599492254964,49.1179341195608,1
35758.523441911675,31.836989671797223,34.45159536513465,49.21797478649858,1
35807.6870880723,31.83749520975274,34.45158980875062,49.31801545343636,1
35857.045611547306,31.83800287471555,34.451582319883165,49.41805612037414,1
35906.65487936698,31.838512127176557,34.451572395317484,49.51809678731192,1
35956.570756491274,31.839022427625157,34.451559531844126,49.6181374542497,1
36006.84910581261,31.839533236549197,34.451543226259446,49.71817812118748,1
36057.545788174495,31.840044014435108,34.45152297536634,49.81821878812526,1
36108.716662395746,31.84055422176801,34.45149827597511,49.91825945506304,1
36160.41750779096,31.841063319435424,34.45146862630636,50.01830012200082,1
36212.68345176801,31.841570875802223,34.45143389812368,50.118340788938596,1
36265.50128034875,31.84207671083648,34.45139483760763,50.218381455876376,1
36318.85087167937,31.842580680468476,34.45135231587515,50.318422122814155,1
36372.712103207596,31.843082640641466,34.45130720403526,50.418462789751935,1
36427.064851656556,31.843582447311913,34.45126037318808,50.518503456689714,1
36481.88899299689,31.84407995644967,34.45121269442392,50.618544123627494,1
36537.16440244857,31.844575024038132,34.45116503882243,50.718584790565274,1
36592.87095447164,31.845067506074304,34.45111827745173,50.81862545750305,1
36648.98852278944,31.845557258568732,34.451073281367556,50.91866612444083,1
36705.49698040448,31.846044137545494,34.451030921612514,51.01870679137861,1
36762.37619963195,31.84652799904198,34.45099206921529,51.11874745831639,1
36819.60605215561,31.84700869910875,34.45095759518986,51.21878812525417,1
36877.16640907619,31.84748609380914,34.45092837053486,51.31882879219195,1
36935.037140981294,31.847960039219053,34.45090526623282,51.41886945912973,1
36993.19810776319,31.848430392095167,34.45088915174343,51.51891012606751,1
37051.62665556464,31.848897172984092,34.450880527662804,51.61895079300529,1
37110.29434782732,31.849360779291153,34.4508790458589,51.71899145994307,1
37169.17193932552,31.849821661227256,34.45088423926183,51.81903212688085,1
37228.23018667381,31.850280268994545,34.45089564080708,51.91907279381863,1
37287.43984826747,31.850737052786467,34.45091278343638,52.01911346075641,1
37346.771684237756,31.851192462787736,34.45093520009847,52.11915412769419,1
37406.19645638857,31.851646949174363,34.45096242374981,52.21919479463197,1
37465.68492815271,31.852100962113738,34.45099398735517,52.31923546156975,1
37525.20786456112,31.85255495176471,34.45102942388822,52.419276128507526,1
37584.736032214016,31.853009368277668,34.45106826633188,52.519316795445306,1
37644.24019925576,31.853464661794664,34.451110047678675,52.619357462383086,1
37703.69113535993,31.85392128244966,34.451154300931094,52.719398129320865,1
37763.05961172469,31.854379680368535,34.45120055910159,52.819438796258645,1
37822.31640106626,31.854840305669434,34.451248355212805,52.919479463196424,1
37881.43225586787,31.855303607860414,34.451297222707026,53.019520130134204,1
37940.37301765289,31.855769900401658,34.451346787493115,53.11956079707198,1
37999.093417259865,31.856239189048384,34.45139688461319,53.21960146400976,1
38057.54665832501,31.856711437279618,34.45144737785551,53.31964213094754,1
38115.68594436068,31.857186608590506,34.45149813101215,53.41968279788532,1
38173.464478765614,31.85766466649245,34.4515490078788,53.5197234648231,1
38230.83546480443,31.858145574513372,34.45159987225478,53.61976413176088,1
38287.752105617896,31.858629296197833,34.45165058794284,53.71980479869866,1
38344.16760421544,31.859115795107275,34.45170101874905,53.81984546563644,1
38400.035163478926,31.859605034820138,34.45175102848263,53.91988613257422,1
38455.30798615236,31.860096978932088,34.451800480955846,54.019926799512,1
38509.9392748503,31.86059159105614,34.45184923998369,54.11996746644978,1
38563.882232056,31.861088834822805,34.45189716938375,54.22000813338756,1
38617.09006010927,31.861588673880288,34.45194413297595,54.32004880032534,1
38669.51596122887,31.862091071894543,34.45198999458235,54.42008946726312,1
38721.11322037317,31.86259599238188,34.45203461802629,54.5201301342009,1
38771.85242407955,31.863103363885056,34.452077867034475,54.62017080113868,1
38821.74262923282,31.863613037153694,34.452119605115605,54.72021146807646,1
38870.798077099025,31.864124852454257,34.45215969574823,54.820252135014236,1
38919.03300831374,31.86463865005547,34.45219800240989,54.920292801952016,1
38966.461662880145,31.86515427022801,34.45223438857708,55.020333468889795,1
39013.09828017093,31.86567155324425,34.45226871772503,55.120374135827575,1
39058.95709891897,31.866190339378022,34.45230085332763,55.220414802765355,1
39104.052357222885,31.866710468904305,34.4523306588573,55.320455469703134,1
39148.39829254057,31.867231782099058,34.452357997784944,55.420496136640914,1
39192.00914170034,31.867754119238906,34.45238273357981,55.52053680357869,1
39234.89914089441,31.86827732060095,34.45240472970942,55.62057747051647,1
39277.082525674254,31.86880122646249,34.452423849639565,55.72061813745425,1
39318.573530972004,31.869325677100868,34.452439956834155,55.82065880439203,1
39359.38639109023,31.869850512793175,34.45245291475526,55.92069947132981,1
39399.53542402759,31.870375572942393,34.45246258756704,56.02074013826759,1
39439.05126244947,31.87090052789632,34.45246897564684,56.12078080520537,1
39478.00020097848,31.871424678463015,34.4524723771228,56.22082147214315,1
39516.453244529665,31.8719472766085,34.4524731294709,56.32086213908093,1
39554.481395017356,31.872467574292976,34.45247157016544,56.42090280601871,1
39592.15565136727,31.872984823470645,34.45246803667977,56.52094347295649,1
39629.54700955469,31.873498276089503,34.4524628664867,56.62098413989427,1
39666.72646263428,31.87400718409147,34.45245639705902,56.72102480683205,1
39703.765000802465,31.874510799412572,34.45244896586965,56.82106547376983,1
39740.73361146264,31.8750083739833,34.452440910391836,56.92110614070761,1
39777.70327929873,31.87549915972913,34.45243256809914,57.02114680764539,1
39814.74498637207,31.87598240857124,34.45242427646527,57.12118747458317,1
39851.929712219164,31.876457372427286,34.452416372963896,57.221228141520946,1
39889.328433980234,31.8769233032124,34.452409195068164,57.321268808458726,1
39927.01212650724,31.877379452840398,34.452403080250285,57.421309475396505,1
39965.051673984155,31.87782507443634,34.45239836543163,57.521350142334285,1
40003.50203818362,31.878259638931887,34.452395288781275,57.621390809272064,1
40042.38396689389,31.878683085327328,34.45239387625042,57.721431476209844,1
40081.713775289245,31.87909541327355,34.45239412629037,57.82147214314762,1
40121.50777928252,31.87949662242166,34.452396037350525,57.9215128100854,1
40161.782295519486,31.87988671242338,34.45239960787834,58.02155347702318,1
40202.55364137702,31.88026568293129,34.452404836319396,58.12159414396096,1
40243.838134962134,31.8806335335991,34.45241172111717,58.22163481089874,1
40285.652095117606,31.880990264081944,34.4524202607132,58.32167547783652,1
40328.01184141729,31.88133587403668,34.45243045354689,58.4217161447743,1
40370.93369417079,31.881670363122144,34.452442298055566,58.52175681171208,1
40414.43397441413,31.881993730999472,34.45245579267439,58.62179747864986,1
40458.529003920965,31.882305977332344,34.452470935836324,58.72183814558764,1
40503.235105196945,31.882607101787283,34.45248772597212,58.82187881252542,1
40548.56860148162,31.88289710403398,34.45250616151028,58.9219194794632,1
40594.54567082785,31.883175984490684,34.45252624086394,59.02196014640098,1
40641.15805636998,31.88344386837345,34.452547960265605,59.12200081333876,1
40688.345873495564,31.883701144573664,34.452571311343746,59.22204148027654,1
40736.04268043209,31.883948235482105,34.452596285141574,59.32208214721432,1
40784.18203684408,31.8841855634922,34.452622872702065,59.4221228141521,1
40832.69750376977,31.88441355099868,34.45265106506825,59.522163481089876,1
40881.52264352795,31.88463262039634,34.4526808532834,59.622204148027656,1
40930.59101964254,31.884843194078826,34.452712228391334,59.722244814965435,1
40979.83619678393,31.885045694437615,34.45274518143662,59.822285481903215,1
41029.191740686074,31.885240543860974,34.45277970346492,59.922326148840995,1
41078.591218089685,31.88542816473306,34.45281578552308,60.022366815778774,1
41127.96819667611,31.885608979433165,34.452853418659515,60.122407482716554,1
41177.25624501798,31.885783410334874,34.452892593924375,60.22244814965433,1
41226.38893251214,31.885951879805496,34.45293330236977,60.32248881659211,1
41275.29982934054,31.886114810205534,34.45297553505005,60.42252948352989,1
41323.922686226666,31.886272625174897,34.45301928302862,60.52257015046767,1
41372.219362854026,31.88642594948534,34.45306453839676,60.62261081740545,1
41420.21011132561,31.88657582572992,34.45311129537807,60.72265148434323,1
41467.92245669942,31.886723348500947,34.453159548463034,60.82269215128101,1
41515.38392534107,31.88686961235459,34.45320929214386,60.92273281821879,1
41562.622044889256,31.88701571181146,34.45326052091456,61.02277348515657,1
41609.66434423532,31.887162741357095,34.45331322927113,61.12281415209435,1
41656.53835354559,31.887311795442194,34.45336741171161,61.22285481903213,1
41703.27160426695,31.887463968482972,34.453423062736185,61.32289548596991,1
41749.89162921533,31.88762035486121,34.453480176847336,61.42293615290769,1
41796.425962620415,31.887782048924432,34.4535387485499,61.52297681984547,1
41842.902140254155,31.887950144985744,34.45359877235122,61.62301748678325,1
41889.34769953508,31.888125737323772,34.45366024276122,61.72305815372103,1
41935.790179689415,31.8883099201824,34.453723154292526,61.82309882065881,1
41982.25712191593,31.888503787770443,34.45378750146055,61.923139487596586,1
42028.775972064584,31.88870843162688,34.45385327859553,62.023180154534366,1
42075.3599197017,31.88892455808528,34.45392045253021,62.123220821472145,1
42121.99303141516,31.889152086721545,34.453988933928365,62.223261488409925,1
42168.65581916273,31.88939084108203,34.45405862660003,62.323302155347704,1
42215.32879526913,31.88964064472093,34.45412943435828,62.423342822285484,1
42261.99247242045,31.889901321200615,34.45420126101904,62.523383489223264,1
42308.627363597974,31.890172694091945,34.454274010401015,62.62342415616104,1
42355.21398205869,31.890454586974652,34.454347586325596,62.72346482309882,1
42401.73284128122,31.890746823437656,34.45442189261677,62.8235054900366,1
42448.16445494536,31.891049227079343,34.454496833100954,62.92354615697438,1
42494.48933688365,31.89136162150789,34.45457231160694,63.02358682391216,1
42540.68800105527,31.89168383034154,34.45464823196573,63.12362749084994,1
42586.74096149765,31.89201567720891,34.454724498010506,63.22366815778772,1
42632.6287323134,31.89235698574919,34.4548010135764,63.3237088247255,1
42678.331827613525,31.89270757961244,34.45487768250046,63.42374949166328,1
42723.83077437896,31.893067282120896,34.45495440969765,63.52379015860106,1
42769.10786365438,31.89343587016225,34.455031247540674,63.62383082553884,1
42814.14892945159,31.893813027351932,34.45510854456061,63.72387149247662,1
42858.94022932928,31.894198426158237,34.45518668471654,63.8239121594144,1
42903.468020451255,31.89459173906292,34.45526605196335,63.92395282635218,1
42947.71855952684,31.894992638561313,34.455347030252234,64.02399349328996,1
42991.67810277827,31.89540079716219,34.45543000353111,64.12403416022774,1
43035.33290588949,31.89581588738781,34.455515355745106,64.22407482716551,1
43078.66922399122,31.89623758177384,34.455603470836984,64.3241154941033,1
43121.67331161816,31.896665552869255,34.455694732747574,64.42415616104108,1
43164.331422693096,31.89709947323623,34.45578952541623,64.52419682797886,1
43206.62981048785,31.897539015449997,34.45588823278119,64.62423749491663,1
43248.55472763721,31.89798385209868,34.45599123877998,64.72427816185441,1
43290.09242609609,31.898433655783094,34.45609892734984,64.8243188287922,1
43331.22915714979,31.898888099116565,34.45621168242807,64.92435949572997,1
43371.95131097641,31.899346854397223,34.45632988555462,65.02440016266775,1
43412.26323321555,31.89980955181307,34.45645360978924,65.12444082960553,1
43452.204731414095,31.90027573836891,34.45658231894676,65.22448149654332,1
43491.81976922974,31.90074495131792,34.45671540540862,65.32452216348109,1
43531.15230832249,31.90121672791504,34.456852261555056,65.42456283041886,1
43570.24630829692,31.90169060541675,34.45699227976405,65.52460349735665,1
43609.145726638846,31.902166121080906,34.45713485241063,65.62464416429444,1
43647.89451868646,31.902642812166597,34.45727937186617,65.72468483123221,1
43686.53663759399,31.903120215934006,34.45742523049778,65.82472549816998,1
43725.11603430472,31.903597869644386,34.457571820668065,65.92476616510777,1
43763.67665754352,31.904075310559918,34.45771853473481,66.02480683204556,1
43802.262453813106,31.90455207594382,34.457864765050864,66.12484749898333,1
43840.91736739222,31.905027703060288,34.458009903964296,66.2248881659211,1
43879.68534036074,31.905501729174585,34.458153343818466,66.32492883285889,1
43918.61031262204,31.905973691553104,34.45829447695247,66.42496949979667,1
43957.735985244624,31.906443127167755,34.4584326968117,66.52501016673445,1
43997.07741891313,31.90690953719957,34.458567531165976,66.62505083367222,1
44036.59405242093,31.907372353330086,34.458698768669116,66.72509150061,1
44076.23893209919,31.907830999282222,34.4588262279515,66.82513216754779,1
44115.96510224696,31.90828489880769,34.45894972764635,66.92517283448556,1
44155.725605178624,31.908733475686784,34.459069086389896,67.02521350142334,1
44195.47348130122,31.909176153727948,34.459184122821334,67.12525416836112,1
44235.161769178696,31.909612356767322,34.459294655582994,67.22529483529891,1
44274.74350562133,31.91004150866822,34.459400503320346,67.32533550223668,1
44314.17172576487,31.910463033320404,34.45950148468206,67.42537616917446,1
44353.399463173,31.910876354639427,34.45959741832009,67.52541683611224,1
44392.379749937914,31.9112808965658,34.459688122889716,67.62545750305003,1
44431.06561677717,31.911676083064066,34.459773417049604,67.7254981699878,1
44469.4100931678,31.912061338121816,34.45985311946179,67.82553883692557,1
44507.36620745435,31.912436085748634,34.45992704879183,67.92557950386336,1
44544.88726555649,31.912799753141606,34.45999502557387,68.02562017080115,1
44581.9583278792,31.913152128500485,34.46005708295797,68.12566083773892,1
44618.62510616239,31.913493689473647,34.46011366017017,68.22570150467669,1
44654.940142184496,31.913824991295613,34.46016524214763,68.32574217161448,1
44690.95598004479,31.9141465891722,34.46021231382477,68.42578283855227,1
44726.725166028365,31.914459038281866,34.46025536013307,68.52582350549004,1
44762.30024847668,31.914762893776793,34.46029486600094,68.62586417242781,1
44797.733777659945,31.915058710784024,34.46033131635345,68.7259048393656,1
44833.07830567006,31.91534704440645,34.46036519611208,68.82594550630338,1
44868.38638631441,31.915628449723588,34.46039699019454,68.92598617324116,1
44903.7105750218,31.915903481792377,34.46042718351439,69.02602684017894,1
44939.103428761475,31.91617269564782,34.460456260980806,69.12606750711672,1
44974.61750596296,31.916436646303403,34.46048470749825,69.2261081740545,1
45010.30536644906,31.916695888751686,34.460513007966114,69.32614884099227,1
45046.21957139019,31.916950977964415,34.46054164727833,69.42618950793006,1
45082.412368972786,31.91720246811964,34.460571110201656,69.52623017486783,1
45118.90220577456,31.9174508302087,34.460601868439596,69.62627084180562,1
45155.644036684185,31.917696378999945,34.46063436916481,69.7263115087434,1
45192.58581476007,31.917939412033682,34.460669056840366,69.82635217568118,1
45229.67549377121,31.918180226851177,34.4607063759246,69.92639284261895,1
45266.86102819443,31.918419120994287,34.46074677087117,70.02643350955674,1
45304.090373228304,31.918656392005087,34.46079068612918,70.12647417649451,1
45341.3114847932,31.918892337425632,34.46083856614343,70.2265148434323,1
45378.47231955081,31.919127254797722,34.460890855354755,70.32655551037007,1
45415.520834925584,31.919361441662616,34.460947998200496,70.42659617730786,1
45452.40498912521,31.919595195560852,34.46101043911496,70.52663684424563,1
45489.072741171345,31.919828814032087,34.46107862253013,70.62667751118342,1
45525.47205092851,31.920062594615025,34.46115299287645,70.72671817812119,1
45561.5508791497,31.920296834847232,34.46123399458353,70.82675884505898,1
45597.2571875127,31.92053183226515,34.461322072081195,70.92679951199675,1
45632.539116619155,31.920767884697344,34.46141766694671,71.02684017893453,1
45667.36289584637,31.921005319785362,34.461520930695215,71.12688084587231,1
45701.72816906776,31.921244520242027,34.4616314790105,71.2269215128101,1
45735.63819081802,31.92148587472279,34.46174886969555,71.32696217974787,1
45769.096216308884,31.921729771875647,34.46187266056361,71.42700284668565,1
45802.105501391925,31.92197660034165,34.462002409438135,71.52704351362343,1
45834.66930254735,31.92222674875536,34.46213767415256,71.62708418056121,1
45866.79087687656,31.922480605745317,34.462278012549945,71.72712484749898,1
45898.47348209005,31.922738559934476,34.46242298248284,71.82716551443677,1
45929.720376497135,31.92300099994061,34.4625721418129,71.92720618137454,1
45960.53481903672,31.923268314376706,34.462725048410505,72.02724684831233,1
45990.920069255866,31.923540891851356,34.462881260154504,72.1272875152501,1
46020.879387360066,31.92381912096909,34.46304033493168,72.22732818218789,1
46050.41603420302,31.92410339033074,34.4632018306364,72.32736884912566,1
46079.533271341585,31.924394088533685,34.46336530517005,72.42740951606345,1
46108.23460274283,31.924691602493272,34.46353031754105,72.52745018300122,1
46136.5467805434,31.92499615762518,34.46369653260327,72.62749084993901,1
46164.538794748485,31.92530768592085,34.46386380750691,72.72753151687678,1
46192.28410495818,31.92562608831222,34.46403201974458,72.82757218381457,1
46219.856170695275,31.925951265720705,34.46420104680165,72.92761285075234,1
46247.32845138945,31.92628311905642,34.46437076615593,73.02765351769013,1
46274.77440636046,31.926621549217366,34.46454105527751,73.1276941846279,1
46302.26749480702,31.92696645708864,34.46471179162854,73.22773485156569,1
46329.88117579091,31.927317743541767,34.464882852663095,73.32777551850346,1
46357.68890822865,31.927675309433898,34.46505411582709,73.42781618544124,1
46385.76415087283,31.9280390556072,34.465225458558166,73.52785685237902,1
46414.18036230281,31.928408882888082,34.46539675828561,73.6278975193168,1
46443.011000911705,31.928784692086623,34.465567892430386,73.72793818625458,1
46472.32952489704,31.929166383995895,34.46573873840507,73.82797885319236,1
46502.20939224865,31.929553859391337,34.46590917361395,73.92801952013014,1
46532.723758075386,31.929947017681823,34.46607907546858,74.02806018706792,1
46563.918191539124,31.930345635356694,34.466248322786726,74.1281008540057,1
46595.788965349086,31.93074926927626,34.46641679690837,74.22814152094348,1
46628.32724195067,31.931157453547637,34.466584379433336,74.32818218788125,1
46661.5241823243,31.931569722287435,34.46675095195953,74.42822285481904,1
46695.370945953764,31.931985609622313,34.466916396083114,74.52826352175681,1
46729.858690793626,31.932404649689442,34.46708059339853,74.6283041886946,1
46764.97857323196,31.932826376637085,34.46724342549871,74.72834485563237,1
46800.721748072654,31.93325032462501,34.46740477397516,74.82838552257016,1
46837.0793685168,31.93367602782505,34.46756452041809,74.92842618950793,1
46874.04258614313,31.934103020421517,34.467722546416546,75.02846685644572,1
46911.60255089309,31.934530836611664,34.467878733558656,75.12850752338349,1
46949.75041108206,31.93495901060613,34.46803296343164,75.22854819032128,1
46988.47731337324,31.935387076629347,34.46818511762214,75.32858885725905,1
47027.77440279536,31.935814568919987,34.468335077716254,75.42862952419684,1
47067.632691576146,31.936241021296937,34.46848272446576,75.52867019113461,1
47108.03184659779,31.936665930034007,34.46862786649074,75.6287108580724,1
47148.93159422744,31.937088725407715,34.468770185628934,75.72875152501017,1
47190.28963523824,31.937508831022544,34.46890935085527,75.82879219194795,1
47232.06366832927,31.937925670511415,34.4690450311492,75.92883285888573,1
47274.211390181445,31.938338667535852,34.46917689549502,76.02887352582351,1
47316.690495505,31.93874724578601,34.469304612882134,76.12891419276129,1
47359.45867710933,31.939150828980576,34.46942785230547,76.22895485969907,1
47402.47362597566,31.939548840866635,34.469546282765705,76.32899552663685,1
47445.69303134177,31.93994070521945,34.4696595732696,76.42903619357463,1
47489.07458078489,31.94032584584211,34.46976739283031,76.5290768605124,1
47532.57596032135,31.940703686565172,34.469869410467744,76.62911752745019,1
47576.15485451091,31.941073651246125,34.469965295208766,76.72915819438796,1
47619.768946575,31.94143516376882,34.47005471608757,76.82919886132575,1
47663.37591850571,31.94178764804286,34.470137342145975,76.92923952826352,1
47706.933415899985,31.94213053078679,34.47021284323006,77.02928019520131,1
47750.39618233871,31.94246346746653,34.47028095462026,77.12932086213908,1
47793.71394580696,31.942786509003533,34.47034152472071,77.22936152907687,1
47836.83593683224,31.943099745618987,34.47039441318347,77.32940219601464,1
47879.71138693765,31.943403267538685,34.47043947966789,77.42944286295243,1
47922.28952863533,31.943697164992315,34.47047658384006,77.5294835298902,1
47964.51959541999,31.943981528212504,34.47050558537223,77.62952419682799,1
48006.350821776316,31.944256447434135,34.47052634394212,77.72956486376576,1
48047.73244317528,31.94452201289347,34.470538719232316,77.82960553070355,1
48088.61369607318,31.94477831482743,34.470542570929545,77.92964619764132,1
48128.94381791167,31.945025443472826,34.470537758723964,78.0296868645791,1
48168.67204712145,31.945263489065574,34.470524142308406,78.12972753151688,1
48207.74762311764,31.945492541839972,34.47050158137771,78.22976819845466,1
48246.1197863128,31.945712692028053,34.470469935627804,78.32980886539244,1
48283.73777810205,31.9459240298587,34.470429064755024,78.42984953233022,1
48320.551152233966,31.94612664715273,34.47037883399479,78.529890199268,1
48356.53379207477,31.946320760405786,34.470319541445996,78.62993086620578,1
48391.7009566566,31.946506798138433,34.470252221352034,78.72997153314356,1
48426.0719308164,31.946685209480542,34.47017797955149,78.83001220008134,1
48459.666000137106,31.946856443545602,34.47009792186552,78.93005286701911,1
48492.50245077629,31.94702094943203,34.470013154098254,79.0300935339569,1
48524.60056932736,31.947179176224388,34.46992478203711,79.13013420089467,1
48555.97964269575,31.947331572994454,34.46983391145327,79.23017486783246,1
48586.65895800013,31.947478588802213,34.46974164810214,79.33021553477023,1
48616.65780249052,31.94762067269668,34.46964909772387,79.43025620170802,1
48645.995463490486,31.947758273716648,34.46955736604389,79.53029686864579,1
48674.6912283618,31.94789184089121,34.469467558773495,79.63033753558358,1
48702.76438449137,31.948021823240293,34.46938078161054,79.73037820252135,1
48730.23421928473,31.948148669775016,34.46929814024008,79.83041886945914,1
48757.12002021074,31.94827282949783,34.46922074033502,79.93045953639691,1
48783.4411187442,31.948394752308662,34.469149681643586,80.0305002033347,1
48809.2201141892,31.948514955505633,34.4690856239286,80.13054087027247,1
48834.48507292103,31.948634069141573,34.46902849090484,80.23058153721026,1
48859.264582686126,31.94875273399304,34.468978136202594,80.33062220414803,1
48883.58723207284,31.94887159082289,34.46893441345597,80.43066287108581,1
48907.48161048349,31.948991280380763,34.46889717630298,80.53070353802359,1
48930.97630813904,31.94911244340364,34.46886627838565,80.63074420496137,1
48954.09991606884,31.94923572061625,34.46884157334999,80.73078487189915,1
48976.88102612458,31.94936175273146,34.46882291484609,80.83082553883693,1
48999.34823100455,31.949491180450565,34.46881015652818,80.9308662057747,1
49021.530124268495,31.9496246444636,34.46880315205451,81.03090687271249,1
49043.45530038327,31.94976278544942,34.46880175508757,81.13094753965026,1
49065.1523547573,31.949906244076033,34.468805819293934,81.23098820658805,1
49086.64988379087,31.950055661000473,34.468815198344366,81.33102887352582,1
49107.97648494132,31.95021167686896,34.46882974591375,81.43106954046361,1
49129.16076049581,31.95037492732204,34.46884931533417,81.53111020740138,1
49150.231576637365,31.950545693757295,34.46887373533188,81.63115087433917,1
49171.21823245846,31.950723674609037,34.468902794136454,81.73119154127694,1
49192.15006726235,31.950908513983382,34.46893627620578,81.83123220821473,1
49213.05642016139,31.951099855987895,34.46897396600005,81.9312728751525,1
49233.96663002949,31.95129734473135,34.46901564798117,82.03131354209029,1
49254.91003544442,31.951500624323508,34.46906110661226,82.13135420902806,1
49275.91597462818,31.951709338874913,34.46911012635726,82.23139487596585,1
49297.01378540043,31.95192313249674,34.46916249168042,82.33143554290362,1
49318.23280512914,31.952141649300675,34.46921798704597,82.4314762098414,1
49339.60237069521,31.952364533398722,34.46927639691777,82.53151687677918,1
49361.15181843843,31.952591428903258,34.46933750575896,82.63155754371697,1
49382.91048413329,31.952821979926895,34.469401098031675,82.73159821065474,1
49404.90770294331,31.95305583058244,34.4694669581969,82.83163887759252,1
49427.17280939408,31.953292624982996,34.46953487071411,82.9316795445303,1
49449.73493801057,31.95353200975039,34.46960462105141,83.03172021146808,1
49472.60973281972,31.953773801263406,34.46967606303883,83.13176087840586,1
49495.79099814594,31.954018090730074,34.46974916118391,83.23180154534364,1
49519.27054676786,31.954264994421838,34.46982389008866,83.33184221228142,1
49543.04019173514,31.954514628608944,34.46990022435573,83.4318828792192,1
49567.09174636565,31.954767109560457,34.46997813858854,83.53192354615697,1
49591.41702424828,31.955022553544172,34.4700576073912,83.63196421309476,1
49616.0078392569,31.95528107682668,34.47013860536868,83.73200488003253,1
49640.85600555129,31.955542795673338,34.47022110712676,83.83204554697032,1
49665.95333758276,31.95580782634822,34.47030508727215,83.9320862139081,1
49691.2916501062,31.956076285114193,34.47039052041241,84.03212688084588,1
49716.86275818013,31.956348288232842,34.47047738115612,84.13216754778365,1
49742.65847718436,31.95662395196451,34.470565644112845,84.23220821472144,1
49768.670622813515,31.95690339256835,34.470655283893166,84.33224888165921,1
49794.891011101194,31.95718672630222,34.47074627510873,84.432289548597,1
49821.31130232941,31.957474066043446,34.47083859164395,84.53233021553477,1
49847.91306834016,31.95776530624093,34.47093216030595,84.63237088247256,1
49874.66181205958,31.958059993458882,34.4710268329206,84.73241154941033,1
49901.521601482294,31.958357643232052,34.47112245462366,84.83245221634812,1
49928.45650345739,31.95865777111015,34.47121887055164,84.93249288328589,1
49955.43058365956,31.958959892658093,34.47131592584187,85.03253355022368,1
49982.4079065565,31.95926352345621,34.471413465632466,85.13257421716145,1
50009.352535418235,31.959568179100323,34.47151133506223,85.23261488409923,1
50036.22853227239,31.959873375201834,34.47160937927073,85.332655551037,1
50062.99995791633,31.96017862738773,34.4717074433982,85.4326962179748,1
50089.63087191153,31.96048345130056,34.47180537258556,85.53273688491257,1
50116.08533257898,31.960787362598275,34.47190301197434,85.63277755185035,1
50142.327397007495,31.961089876954116,34.472000206706724,85.73281821878813,1
50168.32112107333,31.961390510056397,34.47209680192545,85.83285888572591,1
50194.03055944666,31.961688777608178,34.47219264277382,85.93289955266368,1
50219.42016925942,31.961984198479822,34.47228757539506,86.03294021960147,1
50244.47934889048,31.962276486380283,34.472381507689526,86.13298088653924,1
50269.23657928873,31.962565660297997,34.47247444432532,86.23302155347703,1
50293.723753363825,31.962851765864148,34.472566398416355,86.3330622204148,1
50317.972764195874,31.963134848702676,34.47265738307484,86.43310288735259,1
50342.01550502237,31.963414954430387,34.472747411411255,86.53314355429036,1
50365.88386925496,31.96369212865713,34.47283649653446,86.63318422122815,1
50389.60975045711,31.96396641698599,34.47292465155168,86.73322488816592,1
50413.22504234966,31.964237865013448,34.473011889568596,86.83326555510371,1
50436.76163881179,31.964506518329458,34.473098223689334,86.93330622204148,1
50460.251433870755,31.96477242251768,34.47318366701656,87.03334688897927,1
50483.72632170655,31.965035623155604,34.47326823265142,87.13338755591704,1
50507.21819663886,31.96529616581464,34.47335193369375,87.23342822285483,1
50530.75895313639,31.965554096060345,34.47343478324191,87.3334688897926,1
50554.38048580848,31.965809459452466,34.473516794392964,87.43350955673039,1
50578.114452809095,31.966062299489195,34.47359797934385,87.53355022366816,1
50601.978522163816,31.966312538097906,34.47367829714556,87.63359089060594,1
50625.968794155866,31.966559909799788,34.47375762491992,87.73363155754372,1
50650.07952690404,31.966804133119176,34.47383583279318,87.8336722244815,1
50674.304978,31.96704492658621,34.47391279089177,87.93371289141928,1
50698.639404514804,31.967282008736813,34.473988369342486,88.03375355835706,1
50723.07706303336,31.96751509811272,34.47406243827253,88.13379422529484,1
50747.61220967211,31.96774391326148,34.47413486780967,88.23383489223262,1
50772.239100101404,31.967968172736423,34.47420552808227,88.3338755591704,1
50796.95198957622,31.968187595096648,34.47427428921952,88.43391622610818,1
50821.745132971555,31.96840189890701,34.47434102135145,88.53395689304595,1
50846.612784802914,31.968610802738088,34.47440559460914,88.63399755998374,1
50871.54919926077,31.968814025166147,34.47446787912482,88.73403822692151,1
50896.54863025434,31.969011284773046,34.47452774503199,88.8340788938593,1
50921.60533143673,31.969202300146314,34.47458506246564,88.93411956079707,1
50946.7132930411,31.969386796729843,34.474639702875756,89.03416022773486,1
50971.85159923881,31.96956488795436,34.474691612097736,89.13420089467263,1
50996.97672643978,31.969737275716707,34.47474084879056,89.23424156161042,1
51022.04326428566,31.969904711048926,34.474787481038135,89.33428222854819,1
51047.005803607404,31.97006794497544,34.47483157692745,89.43432289548598,1
51071.818936358206,31.970227728512924,34.474873204548075,89.53436356242375,1
51096.437255541794,31.97038481267017,34.47491243199189,89.63440422936154,1
51120.815355182625,31.970539948448064,34.474949327352576,89.73444489629931,1
51144.90783027839,31.97069388683975,34.47498395872537,89.8344855632371,1
51168.66927677207,31.970847378830765,34.47501639420668,89.93452623017487,1
51192.05429154821,31.971001175399433,34.47504670189376,90.03456689711265,1
51215.01747242734,31.971156027517242,34.475074949884494,90.13460756405043,1
51237.513418165036,31.97131268614935,34.47510120627699,90.23464823098821,1
51259.49672847893,31.971471902255278,34.47512553916947,90.33468889792599,1
51280.922004079446,31.971634426789596,34.47514801665997,90.43472956486377,1
51301.74412104301,31.9718010079174,34.47516870890599,90.53477023180155,1
51321.93284874875,31.97197224259722,34.47518779788211,90.63481089873933,1
51341.48018127028,31.97214850214309,34.47520563242793,90.7348515656771,1
51360.379928094335,31.9723301394428,34.47522257500629,90.83489223261489,1
51378.625899408944,31.972517507383582,34.47523898807806,90.93493289955266,1
51396.211906136945,31.97271095885257,34.47525523410261,91.03497356649045,1
51413.131759975106,31.972910846737154,34.4752716755384,91.13501423342822,1
51429.379273438826,31.973117523925488,34.47528867484365,91.23505490036601,1
51444.94825991336,31.97333134330684,34.47530659447691,91.33509556730378,1
51459.83253369387,31.97355265777206,34.47532579689784,91.43513623424157,1
51474.02591005433,31.97378182021394,34.475346644567885,91.53517690117934,1
51487.52220530249,31.974019183527666,34.475369499951015,91.63521756811713,1
51500.315236839466,31.974265100611188,34.4753947255146,91.7352582350549,1
51512.39882323798,31.97451992436566,34.47542268373012,91.83529890199269,1
51523.76678431034,31.974784007695746,34.47545373707415,91.93533956893046,1
51534.413320810534,31.975057695876217,34.47548824896326,92.03538023586825,1
51544.35240375716,31.9753409366436,34.47552663146421,92.13542090280602,1
51553.62703132816,31.975633094020587,34.47556936807397,92.2354615697438,1
51562.28251816053,31.97593348543094,34.4756169479975,92.33550223668158,1
51570.36417793576,31.976241428297424,34.475669860446104,92.43554290361936,1
51577.91732331179,31.976556240040544,34.475728594637545,92.53558357055714,1
51584.987265862525,31.976877238077158,34.47579363979607,92.63562423749492,1
51591.619316032156,31.977203739819274,34.47586548515223,92.7356649044327,1
51597.858783102594,31.9775350626729,34.4759446199426,92.83570557137048,1
51603.7509751739,31.977870524037,34.47603153340938,92.93574623830825,1
51609.34119915683,31.978209441302432,34.4761267147998,93.03578690524604,1
51614.6747607803,31.978551131851088,34.476230653365384,93.13582757218381,1
51619.79696460441,31.978894913055026,34.476343838361174,93.2358682391216,1
51624.75311404746,31.979240102275714,34.476466759044676,93.33590890605937,1
51629.5885114409,31.979586016863312,34.47659990467474,93.43594957299716,1
51634.348365589976,31.979931978148997,34.47674375400236,93.53599023993493,1
51639.07326093409,31.98027750707788,34.47689826042552,93.63603090687272,1
51643.79710149951,31.980622412993682,34.47706261833968,93.73607157381049,1
51648.55326924287,31.98096652774131,34.47723596289687,93.83611224074828,1
51653.37514519133,31.98130968316174,34.47741742923332,93.93615290768605,1
51658.29610934388,31.981651711092617,34.47760615246894,94.03619357462384,1
51663.34954057541,31.981992443368952,34.477801267707065,94.13623424156161,1
51668.56881656125,31.982331711823566,34.47800191003418,94.2362749084994,1
51673.98731370643,31.982669348287686,34.478207214519855,94.33631557543717,1
51679.63840709068,31.983005184591413,34.4784163162168,94.43635624237496,1
51685.55547042284,31.983339052564116,34.47862835016098,94.53639690931273,1
51691.771876004525,31.98367078403485,34.47884245137192,94.63643757625051,1
51698.32099470496,31.9840002108327,34.47905775485308,94.73647824318829,1
51705.23619595077,31.98432716478714,34.4792733955924,94.83651891012607,1
51712.550847727805,31.984651477728207,34.47948850856291,94.93655957706385,1
51720.297836624086,31.98497298121784,34.47970222846783,95.03660024400163,1
51728.486993474886,31.985291493901162,34.4799136777164,95.1366409109394,1
51737.09537433181,31.985606816067147,34.480121961251456,95.23668157787719,1
51746.09753433429,31.98591874661704,34.48032618267998,95.33672224481496,1
51755.46802722011,31.986227084464936,34.480525445605515,95.43676291175275,1
51765.18140540738,31.98653162853732,34.480718853628915,95.53680357869052,1
51775.212220065296,31.98683217777281,34.48090551034916,95.63684424562831,1
51785.53502121661,31.98712853112152,34.48108451936405,95.73688491256608,1
51796.124357845634,31.98742048754455,34.481254984270926,95.83692557950387,1
51806.95477801096,31.98770784601329,34.48141600866725,95.93696624644164,1
51818.00082898233,31.987990405508768,34.481566696151404,96.03700691337943,1
51829.23705738131,31.98826796502072,34.48170615032309,96.1370475803172,1
51840.638009341434,31.988540323546797,34.48183347478405,96.23708824725499,1
51852.17823067028,31.988807280091507,34.4819477731385,96.33712891419276,1
51863.83226702828,31.98906863366523,34.48204814899374,96.43716958113055,1
51875.57513498049,31.98932418590052,34.4821337186955,96.53721024806832,1
51887.4035969479,31.989573859314103,34.48220418673525,96.6372509150061,1
51899.34483421873,31.98981774550651,34.48226008030653,96.73729158194388,1
51911.42829634156,31.990055948668378,34.482301987919335,96.83733224888167,1
51923.68343424518,31.990288572980297,34.48233049809176,96.93737291581944,1
51936.13970011007,31.99051572261372,34.48234619935002,97.03741358275722,1
51948.82654724084,31.990737501731747,34.482349680228296,97.137454249695,1
51961.773429960944,31.99095401449001,34.4823415292687,97.23749491663278,1
51975.009803499095,31.991165365037322,34.48232233502106,97.33753558357056,1
51988.56512388773,31.991371657516467,34.48229268604278,97.43757625050834,1
52002.46884785406,31.991572996064853,34.48225317089857,97.53761691744612,1
52016.750432739034,31.991769484815205,34.482204378160155,97.6376575843839,1
52031.439336396754,31.991961227896134,34.48214689640603,97.73769825132167,1
52046.565017115325,31.992148329432684,34.48208131422104,97.83773891825946,1
52062.15693353582,31.992330893546963,34.482008220196015,97.93777958519723,1
52078.24393783882,31.9925090254918,34.48192820352971,98.03782025213502,1
52094.82792232931,31.992682880872955,34.481841880193116,98.13786091907279,1
52111.87367071677,31.992852684608124,34.48174990300252,98.23790158601058,1
52129.343265257776,31.99301866666538,34.48165292745559,98.33794225294835,1
52147.19878835324,31.99318105701715,34.48155160904781,98.43798291988614,1
52165.40232248511,31.993340085640096,34.481446603271436,98.53802358682391,1
52183.915950168855,31.993495982514947,34.481338565614465,98.6380642537617,1
52202.701753905974,31.993648977626396,34.48122815155984,98.73810492069947,1
52221.721816145815,31.993799300962973,34.481116016584686,98.83814558763726,1
52240.93821924832,31.99394718251682,34.48100281615973,98.93818625457503,1
52260.31304547191,31.994092852283657,34.48088920574872,99.03822692151282,1
52279.808376945555,31.994236540262513,34.48077584080806,99.13826758845059,1
52299.38629566226,31.994378476455594,34.480663376786474,99.23830825538838,1
52319.008883475326,31.99451889086809,34.48055246912489,99.33834892232615,1
52338.638222108595,31.994658013508072,34.48044377325626,99.43838958926393,1
52358.23664117325,31.994796071811876,34.48033794206913,99.5384302562017,1
52377.77708027512,31.994933183090588,34.48023551993191,99.6384709231395,1
52397.24684971664,31.995069315495133,34.48013690423327,99.73851159007727,1
52416.634281550534,31.99520442657147,34.48004248190718,99.83855225701505,1
52435.927707654424,31.995338473867772,34.47995263988469,99.93859292395283,1
52455.11545975134,31.995471414934215,34.479867765094134,100.03863359089061,1
52474.185869446024,31.99560320732286,34.47978824446105,100.13867425782838,1
52493.127268245444,31.995733808587417,34.479714464908355,100.23871492476617,1
52511.927987598814,31.99586317628309,34.47964681335648,100.33875559170394,1
52530.57635891717,31.99599126796634,34.47958567672337,100.43879625864173,1
52549.06071362831,31.99611804119464,34.47953144192471,100.5388369255795,1
52567.369383195415,31.99624345352629,34.47948449587398,100.63887759251729,1
52585.490699169226,31.9963674625201,34.47944522548266,100.73891825945506,1
52603.41299322527,31.9964900257352,34.479414017660325,100.83895892639285,1
52621.124597209506,31.996611100730703,34.47939125931488,100.93899959333062,1
52638.61354262754,31.996730646787558,34.47937733025025,101.03904026026841,1
52655.85547455307,31.996848694161244,34.47937231755835,101.13908092720618,1
52672.80952891242,31.99696536770533,34.4793759181945,101.23912159414397,1
52689.433695556596,31.997080798842326,34.47938780202389,101.33916226108174,1
52705.6859647464,31.997195118994515,34.47940763891568,101.43920292801953,1
52721.52432709932,31.997308459584133,34.47943509874336,101.5392435949573,1
52736.90677356068,31.997420952033526,34.47946985138532,101.63928426189509,1
52751.791295360774,31.99753272776544,34.47951156672523,101.73932492883286,1
52766.13588398788,31.997643918203217,34.47955991465232,101.83936559577064,1
52779.89853113983,31.997754654771065,34.479614565061816,101.93940626270842,1
52793.03722871188,31.997865068894296,34.47967518785503,102.0394469296462,1
52805.50996875018,31.997975291999534,34.47974145293964,102.13948759658398,1
52817.27474343032,31.998085455515078,34.47981303022986,102.23952826352176,1
52828.289545039646,31.998195690871093,34.479889589646426,102.33956893045954,1
52838.51236593723,31.99830612949994,34.479970801116714,102.43960959739732,1
52847.902088574134,31.998416900433824,34.48005633232699,102.5396502643351,1
52856.45295495726,31.998528037253863,34.48014576167068,102.63969093127288,1
52864.20558467228,31.998639448344253,34.48023855041895,102.73973159821065,1
52871.20374160819,31.998751033599262,34.480334151901275,102.83977226514844,1
52877.49118931033,31.998862692912162,34.480432019445985,102.93981293208621,1
52883.11169095896,31.998974326175173,34.48053160637953,103.039853599024,1
52888.10900935717,31.999085833279466,34.4806323660257,103.13989426596177,1
52892.526906919666,31.999197114115116,34.48073375170494,103.23993493289956,1
52896.40914566256,31.999308068571068,34.4808352167338,103.33997559983733,1
52899.79948720429,31.99941859653507,34.48093621442446,103.44001626677512,1
52902.74169276655,31.999528597893637,34.4810361980843,103.54005693371289,1
52905.27952317987,31.999637972531954,34.48113462101565,103.64009760065068,1
52907.456738902256,31.99974662033382,34.48123093651547,103.74013826758845,1
52909.31710002106,31.99985444118149,34.48132459787533,103.84017893452624,1
52910.90436628368,31.999961334955636,34.48141505838121,103.94021960146401,1
52912.26250998862,32.00006720056857,34.48150178111181,104.0402602684018,1
52913.443660518155,32.000171899886446,34.48158460461149,104.14030093533957,1
52914.51047610957,32.00027524695747,34.481663852051256,104.24034160227735,1
52915.52631196007,32.00037705265993,34.48173987867628,104.34038226921513,1
52916.55452332832,32.000477127866965,34.48181303972954,104.44042293615291,1
52917.65846552793,32.00057528344687,34.48188369045214,104.54046360309069,1
52918.90149391815,32.0006713302633,34.48195218608357,104.64050427002847,1
52920.346963895485,32.00076507917567,34.48201888186179,104.74054493696624,1
52922.05823090579,32.000856341039345,34.48208413302331,104.84058560390403,1
52924.098650426604,32.00094492670609,34.482148294803174,104.9406262708418,1
52926.531577986665,32.001030647024436,34.482211722434826,105.04066693777959,1
52929.42036915757,32.001113312840026,34.48227477114993,105.14070760471736,1
52932.828379577026,32.001192734996124,34.48233779617808,105.24074827165515,1
52936.81896494329,32.00126872433401,34.482401152746434,105.34078893859292,1
52941.455481043085,32.001341091693504,34.48246519607924,105.44082960553071,1
52946.800257362425,32.001409655154866,34.48253027700039,105.54087027246848,1
52952.87766373996,32.00147450061139,34.482596583714376,105.64091093940627,1
52959.6638536565,32.001536054134526,34.482664097869964,105.74095160634404,1
52967.13186625857,32.001594763771365,34.48273278777469,105.84099227328183,1
52975.25474094134,32.00165107756981,34.48280262173757,105.9410329402196,1
52984.00551733654,32.00170544357807,34.482873568069344,106.04107360715739,1
52993.35723527428,32.00175830984407,34.482945595082626,106.14111427409516,1
53003.28293478675,32.001810124415016,34.48301867109196,106.24115494103295,1
53013.75565608498,32.00186133533686,34.483092764414046,106.34119560797072,1
53024.74843954854,32.00191239065398,34.48316784336781,106.4412362749085,1
53036.23432573676,32.001963738408634,34.48324387627451,106.54127694184628,1
53048.18635537289,32.00201582664077,34.483320831457874,106.64131760878406,1
53060.577569354326,32.00206910338766,34.483398677244246,106.74135827572184,1
53073.38100876566,32.002124016683574,34.48347738196258,106.84139894265962,1
53086.569714878686,32.0021810145596,34.48355691394463,106.9414396095974,1
53100.116597489454,32.00224054028562,34.4836372441231,107.04148027653518,1
53113.98986338545,32.00230286720933,34.48371843621954,107.14152094347295,1
53128.15184040833,32.00236805627468,34.48380066994186,107.24156161041074,1
53142.56448599789,32.00243615503798,34.483884132309285,107.34160227734851,1
53157.18975777179,32.00250721105541,34.48396901034196,107.4416429442863,1
53171.98961351812,32.00258127188329,34.484055491061085,107.54168361122409,1
53186.926011208445,32.002658385078156,34.484143761488994,107.64172427816186,1
53201.960908997804,32.00273859819689,34.4842340086493,107.74176494509965,1
53217.05626524519,32.00282195879692,34.48432641956698,107.84180561203742,1
53232.17403850425,32.0029085144363,34.484421181268665,107.9418462789752,1
53247.27618755307,32.00299831267391,34.484518480782704,108.04188694591298,1
53262.324671382084,32.003091401069625,34.48461850513951,108.14192761285076,1
53277.2814492248,32.00318782718439,34.48472144137167,108.24196827978854,1
53292.10848054942,32.00328763858047,34.48482747651436,108.34200894672632,1
53306.76772508491,32.00339088282158,34.48493679760555,108.4420496136641,1
53321.22142800409,32.003497598251535,34.485049582551504,108.54209028060188,1
53335.44167491328,32.003607505026345,34.485165694062516,108.64213094753966,1
53349.41265624203,32.003719931877264,34.48528460709849,108.74217161447744,1
53363.11930583138,32.00383418347792,34.4854057727793,108.84221228141521,1
53376.546556575224,32.00394956451149,34.485528642225134,108.942252948353,1
53389.679340388626,32.0040653796705,34.48565266655612,109.04229361529077,1
53402.50258818641,32.00418093365659,34.48577729689196,109.14233428222856,1
53415.001229871064,32.00429553118025,34.48590198435156,109.24237494916633,1
53427.160194342025,32.004408476960414,34.48602618005287,109.34241561610412,1
53438.964409517124,32.00451907572418,34.486149335112614,109.44245628304189,1
53450.39880235866,32.004626632206204,34.48627090064621,109.54249694997968,1
53461.44829892833,32.0047304511483,34.486390327767644,109.64253761691745,1
53472.09782443941,32.00482983729878,34.48650706758947,109.74257828385524,1
53482.332303338684,32.00492409541189,34.48662057122283,109.84261895079301,1
53492.13665938843,32.00501253024709,34.48673028977759,109.9426596177308,1
53501.496650642715,32.005094466024,34.48683568134749,110.04270028466857,1
53510.42588232737,32.005169875916756,34.486936437015444,110.14274095160636,1
53518.971674282104,32.005239518761655,34.487032529938794,110.24278161854413,1
53527.18336873688,32.005304200498315,34.48712395018992,110.34282228548192,1
53535.11030857917,32.005364727058044,34.48721068784173,110.44286295241969,1
53542.801837281324,32.00542190436443,34.48729273296752,110.54290361935747,1
53550.3072988363,32.00547653833408,34.48737007564102,110.64294428629525,1
53557.67603772506,32.00552943487708,34.48744270593625,110.74298495323303,1
53564.957398867235,32.00558139989732,34.48751061392755,110.8430256201708,1
53572.200727615505,32.005633239292784,34.48757378968942,110.94306628710859,1
53579.455369740725,32.005685758955664,34.4876322232966,111.04310695404637,1
53586.77067143284,32.00573976477232,34.48768590482396,111.14314762098415,1
53594.19597932603,32.005796062623176,34.487734824346404,111.24318828792192,1
53601.78064052854,32.00585545838243,34.487778971938866,111.34322895485971,1
53609.574002664536,32.00591875791772,34.487818337676266,111.44326962179748,1
53617.62444470357,32.00598675360124,34.48785291884527,111.54331028873527,1
53625.94907912053,32.006059802664645,34.4878829453868,111.64335095567304,1
53634.527764468454,32.0061377438815,34.48790892444532,111.74339162261083,1
53643.338181289844,32.006220385712226,34.48793137937171,111.8434322895486,1
53652.35801026132,32.00630753661761,34.48795083351571,111.94347295648639,1
53661.56493215542,32.00639900505932,34.48796781022588,112.04351362342416,1
53670.93662779499,32.0064945995001,34.4879828328497,112.14355429036195,1
53680.45077803172,32.00659412840416,34.48799642473363,112.24359495729972,1
53690.08506370988,32.00669740023735,34.48800910922314,112.3436356242375,1
53699.817165648565,32.006804223467455,34.4880214096629,112.44367629117528,1
53709.62476462126,32.00691440656433,34.4880338493968,112.54371695811307,1
53719.48554134369,32.00702775800008,34.488046951768105,112.64375762505084,1
53729.37717645895,32.00714408624916,34.48806124011963,112.74379829198863,1
53739.277350542136,32.00726319978849,34.488077237793846,112.8438389589264,1
53749.16374409478,32.00738490709747,34.48809546813305,112.94387962586418,1
53759.01403271314,32.00750901457987,34.48811645085243,113.04392029280196,1
53768.805741089396,32.007635263772876,34.48814059244257,113.14396095973974,1
53778.51621687412,32.007763320150026,34.48816816662517,113.24400162667752,1
53788.12279740535,32.00789284485301,34.488199439555295,113.3440422936153,1
53797.602819799446,32.008023499026976,34.48823467738861,113.44408296055308,1
53806.93362095393,32.008154943820436,34.48827414628144,113.54412362749086,1
53816.092537549324,32.008286840385146,34.4883181123908,113.64416429442863,1
53825.05690607615,32.00841884987595,34.488366841874594,113.74420496136642,1
53833.80406283587,32.00855063345058,34.488420600891594,113.8442456283042,1
53842.311343967915,32.0086818522695,34.48847965560156,113.94428629524198,1
53850.556085465476,32.00881216749557,34.48854427216526,114.04432696217975,1
53858.51562321279,32.00894124029385,34.48861471674461,114.14436762911754,1
53866.16729299724,32.009068731831285,34.488691255502744,114.24440829605531,1
53873.488430552185,32.009194303276324,34.488774154603995,114.3444489629931,1
53880.456371590495,32.009317615798615,34.4888636802141,114.44448962993087,1
53887.048763034865,32.00943833953722,34.48896008528273,114.54453029686866,1
53893.25265603978,32.00955641566065,34.48906322333364,114.64457096380643,1
53899.06595483702,32.00967209812038,34.48917248692975,114.74461163074422,1
53904.48716652393,32.009785658240574,34.489287243032074,114.84465229768199,1
53909.51479821,32.00989736734525,34.489406858603324,114.94469296461978,1
53914.147356928326,32.01000749675876,34.489530700607844,115.04473363155755,1
53918.38334961794,32.010116317806116,34.48965813601151,115.14477429849534,1
53922.2212830605,32.01022410181334,34.48978853178154,115.24481496543311,1
53925.65966385137,32.010331120107914,34.4899212548863,115.3448556323709,1
53928.696998367086,32.01043764401891,34.49005567229503,115.44489629930867,1
53931.33179275412,32.01054394487739,34.49019115097763,115.54493696624645,1
53933.56255290471,32.01065029401657,34.49032705790424,115.64497763318423,1
53935.3877844559,32.010756962772085,34.49046276004491,115.74501830012201,1
53936.805992782116,32.01086422248211,34.490597624369265,115.84505896705979,1
53937.8156830091,32.01097234448755,34.4907310178459,115.94509963399757,1
53938.41534946486,32.01108159551699,34.49086231756258,116.04514030093534,1
53938.60317703895,32.01119210722324,34.49099119681922,116.14518096787313,1
53938.37699934933,32.01130385783753,34.49111766535553,116.2452216348109,1
53937.734631028026,32.01141681728896,34.49124175111704,116.34526230174869,1
53936.67388673592,32.011530955506935,34.49136348204836,116.44530296868646,1
53935.1925811572,32.01164624242123,34.49148288609309,116.54534363562425,1
53933.28852899559,32.011762647962,34.49159999119397,116.64538430256202,1
53930.95954498183,32.01188014205973,34.491714825292846,116.74542496949981,1
53928.20344386157,32.011998694645236,34.49182741633065,116.84546563643758,1
53925.01804040093,32.01211827564964,34.491937792247484,116.94550630337537,1
53921.40114938002,32.01223885500439,34.492045980982596,117.04554697031314,1
53917.35058559943,32.012360402641214,34.49215201047445,117.14558763725093,1
53912.864163865335,32.012482888492144,34.49225590866071,117.2456283041887,1
53907.939699005336,32.01260628248945,34.49235770347826,117.34566897112649,1
53902.57500584889,32.01273055456569,34.49245742286325,117.44570963806426,1
53896.76840707194,32.012855676342134,34.49255509333221,117.54575030500204,1
53890.53262743354,32.012981667325015,34.49265070116126,117.64579097193982,1
53883.896491074,32.013108600547596,34.49274418764262,117.7458316388776,1
53876.88967080321,32.013236551863045,34.49283549169454,117.84587230581538,1
53869.541839497164,32.0133655971229,34.492924552232466,117.94591297275316,1
53861.8826701045,32.01349581217703,34.49301130816892,118.04595363969094,1
53853.94183565397,32.01362727287365,34.493095698413654,118.14599430662872,1
53845.74900925532,32.013760055059294,34.49317766187365,118.2460349735665,1
53837.333864098415,32.01389423457872,34.49325713745322,118.34607564050428,1
53828.726073469035,32.01402988727493,34.49333406405401,118.44611630744205,1
53819.955310738645,32.01416708898906,34.49340838057513,118.54615697437984,1
53811.051249381155,32.014305915560364,34.49348002591321,118.64619764131761,1
53802.04356296919,32.01444644282609,34.49354893896238,118.7462383082554,1
53792.96192518901,32.014588746621506,34.493615058614495,118.84627897519317,1
53783.83600983117,32.01473290277964,34.493678323759134,118.94631964213096,1
53774.69560259208,32.01487898487214,34.49373866877754,119.04636030906873,1
53765.57356243953,32.01502700435753,34.49379590416662,119.14640097600652,1
53756.50612935051,32.01517690435819,34.49384970412591,119.24644164294429,1
53747.529716742225,32.01532862448569,34.493899735853795,119.34648230988208,1
53738.68073793873,32.015482104347846,34.49394566654322,119.44652297681985,1
53729.99560619518,32.01563728354859,34.49398716338189,119.54656364375764,1
53721.51073470991,32.01579410168777,34.494023893552495,119.64660431069541,1
53713.26253664773,32.015952498360896,34.49405552423317,119.7466449776332,1
53705.287425157614,32.016112413159014,34.49408172259774,119.84668564457097,1
53697.62181340065,32.01627378566845,34.49410215581616,119.94672631150875,1
53690.30211457051,32.01643655547062,34.494116491054996,120.04676697844653,1
53683.3647419177,32.016600662141855,34.494124395477904,120.14680764538431,1
53676.8461087849,32.01676604525313,34.494125536246145,120.24684831232209,1
53670.78262863029,32.01693264436992,34.49411958051917,120.34688897925987,1
53665.21071505733,32.01710039905195,34.49410619545524,120.44692964619765,1
53660.16567364987,32.01726924591228,34.49408506996167,120.54697031313543,1
53655.65326488763,32.0174390431586,34.49405647280144,120.6470109800732,1
53651.64725740906,32.017609564105705,34.49402130061534,120.74705164701099,1
53648.11982108932,32.017780577828674,34.49398048142753,120.84709231394876,1
53645.043125439435,32.01795185340511,34.49393494327328,120.94713298088655,1
53642.38933953084,32.01812315991578,34.493885614198284,121.04717364782432,1
53640.13063193578,32.018294266445075,34.49383342225792,121.14721431476211,1
53638.23917069845,32.018464942081366,34.493779295516596,121.24725498169988,1
53636.68712328281,32.01863495591734,34.49372416204718,121.34729564863767,1
53635.446656573564,32.01880407705019,34.49366894993034,121.44733631557544,1
53634.48993687052,32.01897207458177,34.493614587254015,121.54737698251323,1
53633.78912988864,32.01913871761855,34.49356200211293,121.647417649451,1
53633.31640079059,32.01930377527167,34.49351212260801,121.74745831638879,1
53633.043914219365,32.019467016656726,34.49346587684604,121.84749898332656,1
53632.94383434206,32.019628210893565,34.49342419293914,121.94753965026435,1
53632.988472606055,32.01978713215538,34.4933879788701,122.04758031720212,1
53633.153960008174,32.019943685222145,34.49335762185044,122.1476209841399,1
53633.42049845215,32.02009791406057,34.49333295409755,122.24766165107768,1
53633.768488048576,32.02024986940644,34.493313780839074,122.34770231801546,1
53634.1783291474,32.020399601996715,34.4932999072999,122.44774298495324,1
53634.630422326736,32.020547162569535,34.49329113870235,122.54778365189102,1
53635.10516837053,32.0206926018643,34.49328728026643,122.6478243188288,1
53635.58296826016,32.02083597062151,34.493288137210115,122.74786498576658,1
53636.044223148376,32.020977319583004,34.49329351474957,122.84790565270436,1
53636.46933436114,32.02111669949175,34.493303218099264,122.94794631964214,1
53636.838703365065,32.02125416109198,34.493317052472264,123.04798698657991,1
53637.13273176644,32.021389755129206,34.493334823080396,123.1480276535177,1
53637.33182129264,32.02152353235014,34.49335633513437,123.24806832045547,1
53637.41637378372,32.021655543502774,34.493381393843976,123.34810898739326,1
53637.366791172884,32.02178583933639,34.49340980441816,123.44814965433103,1
53637.16411224939,32.02191447287811,34.49344138662419,123.54819032126882,1
53636.805360475555,32.02204155430519,34.493476325702936,123.64823098820659,1
53636.30432552565,32.0221672537364,34.49351519023624,123.74827165514438,1
53635.675590571016,32.022291744123876,34.49355856694398,123.84831232208215,1
53634.933739192784,32.022415198417285,34.49360704254953,123.94835298901994,1
53634.093355406076,32.022537789563636,34.49366120377977,124.04839365595771,1
53633.16902370099,32.02265969050708,34.493721637365205,124.1484343228955,1
53632.17532909289,32.02278107418873,34.493788930039806,124.24847498983327,1
53631.12685717642,32.022902113546294,34.49386366854116,124.34851565677106,1
53630.03819417488,32.02302298151389,34.493946439610404,124.44855632370883,1
53628.92392701376,32.02314385102159,34.49403782999227,124.54859699064662,1
53627.798643388785,32.02326489499512,34.49413842643497,124.64863765758439,1
53626.67693182081,32.02338628635544,34.494248815690355,124.74867832452217,1
53625.57338176388,32.02350819801825,34.4943695845137,124.84871899145995,1
53624.50258367509,32.02363080289361,34.49450131966387,124.94875965839773,1
53623.47912485711,32.02375426587582,34.49464456482097,125.0488003253355,1
53622.51749015879,32.02387855664155,34.49479881363978,125.14884099227329,1
53621.63205722161,32.02400344334564,34.49496247579657,125.24888165921107,1
53620.83719747886,32.02412868487567,34.49513391108149,125.34892232614885,1
53620.147280828096,32.024254040125236,34.4953114792712,125.44896299308662,1
53619.57667548675,32.024379267994775,34.495493540128756,125.54900366002441,1
53619.13974785991,32.024504127392376,34.495678453403606,125.64904432696218,1
53618.850862463005,32.024628377234244,34.49586457883183,125.74908499389997,1
53618.72438186966,32.0247517764451,34.49605027613645,125.84912566083774,1
53618.774666708894,32.02487408395823,34.496233905027964,125.94916632777553,1
53619.01607570704,32.02499505871543,34.49641382520494,126.0492069947133,1
53619.46296574641,32.025114459666796,34.49658839635498,126.14924766165109,1
53620.12969198357,32.02523204577013,34.49675597815555,126.24928832858886,1
53621.030608000234,32.02534757599037,34.49691493027522,126.34932899552665,1
53622.180065996945,32.02546080929863,34.497063612374966,126.44936966246442,1
53623.591924693435,32.02557149915668,34.49720043073516,126.5494103294022,1
53625.26838792395,32.02567926849026,34.49732489536249,126.64945099633998,1
53627.199818801135,32.02578360759077,34.497437637693665,126.74949166327777,1
53629.37605140824,32.025884000812894,34.497539339336626,126.84953233021554,1
53631.7869204469,32.025979932508356,34.49763068190503,126.94957299715333,1
53634.42226115707,32.026070887026634,34.497712347018236,127.0496136640911,1
53637.27190928534,32.02615634871556,34.497785016301066,127.14965433102888,1
53640.3257010309,32.026235801922,34.49784937138355,127.24969499796666,1
53643.57347303722,32.02630873099231,34.49790609390065,127.34973566490444,1
53647.00506236497,32.02637462027284,34.4979558654919,127.44977633184222,1
53650.610306498595,32.0264329541104,34.49799936780097,127.54981699878,1
53654.37904335465,32.02648321685257,34.498037282475245,127.64985766571778,1
53658.301111299545,32.026524892848116,34.49807029116531,127.74989833265556,1
53662.36634918209,32.02655746644715,34.4980990755243,127.84993899959333,1
53666.56459639128,32.02658042200148,34.49812431720736,127.94997966653112,1
53670.88406695519,32.02659326775876,34.49814669432093,128.0500203334689,1
53675.27557893656,32.026596061533226,34.49816680332201,128.15006100040668,1
53679.65255444497,32.02658941070353,34.498185159018824,128.25010166734444,1
53683.926790236495,32.026573946540125,34.49820227267081,128.35014233428222,1
53688.01008351706,32.02655030030999,34.49821865553786,128.45018300122,1
53691.81423185207,32.02651910327555,34.4982348188797,128.5502236681578,1
53695.25103304535,32.02648098669402,34.49825127395571,128.65026433509559,1
53698.23228506092,32.026436581816554,34.4982685320246,128.75030500203337,1
53700.669785944745,32.02638651988788,34.498287104344584,128.85034566897113,1
53702.475333755836,32.026331432145824,34.49830750217364,128.95038633590892,1
53703.56072651595,32.026271949821165,34.49833023677003,129.05042700284667,1
53703.837762158364,32.026208704137524,34.49835581939294,129.15046766978446,1
53703.21823850833,32.0261423263115,34.498384761303456,129.25050833672225,1
53701.61395325605,32.02607344755286,34.498417573765636,129.35054900366003,1
53698.93670394458,32.026002699064996,34.498454768047914,129.45058967059782,1
53695.10087598674,32.02593070368356,34.498496836748195,129.5506303375356,1
53690.07870859001,32.025857897313266,34.49854385496858,129.65067100447337,1
53683.89938176703,32.02578453188194,34.49859548690262,129.75071167141115,1
53676.59448077809,32.025710851547224,34.49865137938962,129.8507523383489,1
53668.19559071399,32.0256371004691,34.498711179272384,129.9507930052867,1
53658.734296474606,32.02556352281039,34.49877453339663,130.05083367222448,1
53648.242182756774,32.025490362737344,34.498841088610185,130.15087433916227,1
53636.75083402265,32.025417864420035,34.49891049176245,130.25091500610006,1
53624.29183450341,32.02534627203284,34.49898238970369,130.35095567303784,1
53610.89676818438,32.0252758297549,34.49905642928438,130.4509963399756,1
53596.597218791954,32.02520678177038,34.499132257354624,130.5510370069134,1
53581.42476980295,32.02513937226891,34.4992095207636,130.65107767385115,1
53565.41100443248,32.02507384544587,34.49928786635887,130.75111834078893,1
53548.5875056386,32.025010445502616,34.49936694098593,130.85115900772672,1
53530.98585613072,32.024949416646805,34.49944639148757,130.9511996746645,1
53512.63753621839,32.02489100201945,34.49952586559108,131.0512403416023,1
53493.57180562522,32.02483542144477,34.499605030313624,131.15128100854008,1
53473.81577305682,32.024782872160245,34.49968357135783,131.25132167547784,1
53453.39645880461,32.02473355048236,34.499761175188944,131.35136234241563,1
53432.34088300541,32.0246876527337,34.499837528267555,131.45140300935338,1
53410.676065668464,32.02464537524295,34.499912317049215,131.55144367629117,1
53388.429026679136,32.02460691434491,34.49998522798405,131.65148434322896,1
53365.62678584363,32.02457246638047,34.50005594751634,131.75152501016674,1
53342.29636289179,32.02454222769659,34.50012416208416,131.85156567710453,1
53318.464777512476,32.0245163946462,34.50018955811909,131.95160634404232,1
53294.15904937964,32.024495163588114,34.50025182204578,132.05164701098008,1
53269.40619819146,32.024478730886976,34.500310640281675,132.15168767791786,1
53244.23324368708,32.02446729291304,34.500365699236674,132.25172834485562,1
53218.66720569227,32.02446104604201,34.50041668531287,132.3517690117934,1
53192.73510415666,32.024460186654935,34.50046328490417,132.4518096787312,1
53166.46352427453,32.02446489993407,34.50050520736084,132.55185034566898,1
53139.86985807121,32.02447513423212,34.500542647469246,132.65189101260677,1
53112.962732963264,32.024490612103854,34.50057626283838,132.75193167954455,1
53085.75042753108,32.024511047104895,34.50060672952249,132.8519723464823,1
53058.24122062791,32.024536152786396,34.500634723585286,132.9520130134201,1
53030.44339132123,32.024565642695045,34.50066092110066,133.0520536803579,1
53002.365218844265,32.02459923037295,34.50068599815346,133.15209434729564,1
52974.014982570894,32.024636629357566,34.50071063084012,133.25213501423343,1
52945.40096196439,32.02467755318155,34.50073549526934,133.35217568117122,1
52916.53143657744,32.02472171537258,34.500761267562574,133.452216348109,1
52887.41468602698,32.02476882945324,34.50078862385458,133.55225701504676,1
52858.05898999423,32.02481860894067,34.50081824029382,133.65229768198455,1
52828.472628219984,32.02487076734649,34.50085079304286,133.75233834892234,1
52798.66388052236,32.024925018176376,34.50088695827868,133.85237901586012,1
52768.64102681354,32.02498107492983,34.50092741219293,133.95241968279788,1
52738.41250656638,32.025038659870745,34.50097281552919,134.05246034973567,1
52707.99003835488,32.025097675634726,34.50102351104167,134.15250101667345,1
52677.388417721726,32.02515819411229,34.50107954309379,134.25254168361124,1
52646.62255933881,32.0252202937382,34.50114094451409,134.352582350549,1
52615.70737806987,32.02528405294768,34.50120774813293,134.4526230174868,1
52584.657788962126,32.02534955017632,34.50127998678233,134.55266368442457,1
52553.4887072593,32.025416863860094,34.5013576932959,134.65270435136236,1
52522.21504841093,32.025486072435235,34.5014409005088,134.75274501830012,1
52490.85172806401,32.025557254338345,34.501529641257704,134.8527856852379,1
52459.413662081584,32.025630488006165,34.501623948380654,134.9528263521757,1
52427.91576653998,32.025705851875664,34.501723854717056,135.05286701911348,1
52396.37295774557,32.025783424383924,34.50182939310757,135.15290768605124,1
52364.800152222626,32.025863283968064,34.50194059639406,135.25294835298902,1
52333.212266736664,32.025945509065245,34.50205749741952,135.3529890199268,1
52301.624218292534,32.02603017811251,34.50218012902799,135.4530296868646,1
52270.04944394156,32.02611734889383,34.50230852062724,135.55307035380235,1
52238.47175626829,32.02620666584365,34.502442632832796,135.65311102074014,1
52206.847608439624,32.02629739164921,34.502582362726784,135.75315168767793,1
52175.13242695108,32.026388774666735,34.502727605005866,135.85319235461571,1
52143.28163781576,32.02648006324001,34.50287825436431,135.95323302155347,1
52111.25066655036,32.02657050570022,34.5030342054937,136.05327368849126,1
52078.99493816309,32.02665935036588,34.50319535308303,136.15331435542905,1
52046.469877181575,32.02674584554243,34.50336159181847,136.25335502236683,1
52013.630907656625,32.02682923952196,34.503532816383434,136.3533956893046,1
51980.43345321249,32.026908780582666,34.50370892145835,136.45343635624238,1
51946.83293707017,32.0269837169882,34.503889801720696,136.55347702318016,1
51912.78478212189,32.02705329698707,34.50407535184487,136.65351769011795,1
51878.244410982355,32.027116768811766,34.50426546650215,136.7535583570557,1
51843.16724607814,32.02717338067784,34.50446004036057,136.8535990239935,1
51807.508709720336,32.027222380782874,34.50465896808494,136.95363969093128,1
51771.2279849723,32.02726304903831,34.50486212339498,137.05368035786907,1
51734.35752554983,32.02729528359229,34.50506897199501,137.15372102480683,1
51696.99638341926,32.027319544549414,34.50527860871066,137.25376169174461,1
51659.246032496914,32.027336312466645,34.50549011484667,137.3538023586824,1
51621.20794603322,32.02734606791415,34.50570257167639,137.4538430256202,1
51582.983596525155,32.02734929147683,34.505915060441886,137.55388369255795,1
51544.6744556427,32.027346463755556,34.50612666235426,137.65392435949573,1
51506.38199417759,32.0273380653683,34.50633645859411,137.75396502643352,1
51468.20768201165,32.02732457695097,34.50654353031222,137.8540056933713,1
51430.25298808422,32.027306479158035,34.506746958630366,137.95404636030906,1
51392.61938039493,32.027284252662945,34.50694582464245,138.05408702724685,1
51355.408326020464,32.02725837815834,34.507139209415705,138.15412769418464,1
51318.72129113786,32.02722933635599,34.50732619399218,138.25416836112242,1
51282.65974106081,32.0271976079866,34.507505859390356,138.35420902806018,1
51247.32514032349,32.02716367379933,34.50767728660698,138.45424969499797,1
51212.816628109664,32.027127990012524,34.50783958238288,138.55429036193576,1
51179.18924125563,32.027090547131756,34.507992342224796,138.65433102887354,1
51146.458564388566,32.027050919032106,34.508135598890824,138.7543716958113,1
51114.63879158907,32.0270086648888,34.508269400562824,138.8544123627491,1
51083.74411752913,32.02696334386847,34.508393795429285,138.95445302968687,1
51053.78873750381,32.026914515129846,34.50850883168595,139.05449369662466,1
51024.78684743866,32.0268617378245,34.50861455753638,139.15453436356242,1
50996.75264392421,32.02680457109765,34.508711021192454,139.2545750305002,1
50969.70032424666,32.02674257408892,34.508798270875005,139.354615697438,1
50943.64408641495,32.02667530593312,34.508876354814305,139.45465636437578,1
50918.59812919982,32.026602325761125,34.508945321250636,139.55469703131354,1
50894.57665217761,32.02652319270068,34.50900521843487,139.65473769825132,1
50871.5938557731,32.02643746587728,34.509056094628875,139.7547783651891,1
50849.663941307925,32.02634470441506,34.50909799810618,139.8548190321269,1
50828.8011110574,32.02624446743764,34.50913097715238,139.95485969906466,1
50809.017993195914,32.026136338348785,34.50915508829329,140.05490036600244,1
50790.29811076913,32.02602034921423,34.509170540104236,140.15494103294023,1
50772.59936135169,32.02589692712112,34.509177675033385,140.25498169987802,1
50755.87876721751,32.025766512659885,34.50917684011687,140.35502236681577,1
50740.09335075226,32.025629546427176,34.50916838240369,140.45506303375356,1
50725.2001343742,32.02548646902498,34.50915264895405,140.55510370069135,1
50711.1561404448,32.025337721059756,34.50912998683771,140.65514436762913,1
50697.918391172774,32.02518374314162,34.50910074313256,140.7551850345669,1
50685.44390853681,32.02502497588366,34.509065264923144,140.85522570150468,1
50673.689714221284,32.024861859901186,34.50902389929934,140.95526636844247,1
50662.61282953434,32.02469483581107,34.50897699335508,141.05530703538025,1
50652.170275351964,32.02452434423121,34.50892489418712,141.155347702318,1
50642.31907205377,32.02435082577994,34.50886794889404,141.2553883692558,1
50633.01623948198,32.024174721075546,34.50880650457513,141.35542903619358,1
50624.218796886504,32.023996470735746,34.50874090832944,141.45546970313137,1
50615.88376287557,32.02381651537743,34.50867150725493,141.55551037006913,1
50607.9681553971,32.02363529561616,34.5085986484477,141.65555103700692,1
50600.428991695866,32.02345325206597,34.50852267900127,141.7555917039447,1
50593.223288293,32.023270825339054,34.50844394600592,141.8556323708825,1
50586.30806096457,32.0230884560456,34.50836279654816,141.95567303782025,1
50579.640324730426,32.02290658479358,34.50827957771027,142.05571370475803,1
50573.177093840204,32.02272565218877,34.50819463656991,142.15575437169582,1
50566.875381778926,32.022546098834496,34.50810832019975,142.2557950386336,1
50560.69220125768,32.02236836533183,34.508020975667336,142.35583570557137,1
50554.58456423227,32.02219289227948,34.50793295003484,142.45587637250915,1
50548.50948191248,32.022020120273986,34.50784459035908,142.55591703944694,1
50542.42396477889,32.02185048990979,34.50775624369141,142.65595770638473,1
50536.285022608936,32.021684441779456,34.50766825707794,142.75599837332248,1
50530.04966450669,32.02152241647394,34.507580977559584,142.85603904026027,1
50523.67489894014,32.021364854582814,34.50749475217236,142.95607970719806,1
50517.11856879853,32.02121218644697,34.5074099231924,143.05612037413584,1
50510.35316733178,32.021064662605795,34.50732674945697,143.1561610410736,1
50503.363681781106,32.020922380265795,34.507245418649056,143.2562017080114,1
50496.1354996264,32.020785431722004,34.50716611617176,143.35624237494918,1
50488.65400834102,32.02065390927015,34.50708902742798,143.45628304188696,1
50480.90459541604,32.02052790520683,34.507014337820735,143.55632370882472,1
50472.87264837511,32.02040751182952,34.506942232753275,143.6563643757625,1
50464.543554781936,32.02029282143685,34.50687289762947,143.7564050427003,1
50455.90270227287,32.02018392632857,34.50680651785405,143.85644570963808,1
50446.93547856249,32.02008091880585,34.50674327883293,143.95648637657584,1
50437.62727146316,32.019983891171336,34.50668336597347,144.05652704351363,1
50427.96346891299,32.01989293572922,34.50662696468484,144.1565677104514,1
50417.92945898604,32.01980814478549,34.50657426037835,144.2566083773892,1
50407.5106299147,32.019729610648035,34.50652543846777,144.35664904432696,1
50396.69237011764,32.01965742562674,34.506480684369706,144.45668971126474,1
50385.46122147143,32.01959165950247,34.50644016848369,144.55673037820253,1
50373.82345071435,32.01953199669958,34.50640380431613,144.65677104514032,1
50361.80187973846,32.019477798214595,34.50637128976643,144.75681171207808,1
50349.419844185,32.01942841501568,34.50634231605318,144.85685237901586,1
50336.70068019815,32.01938319806787,34.50631657439699,144.95689304595365,1
50323.66772435699,32.01934149833252,34.50629375601973,145.05693371289144,1
50310.344313615,32.01930266676701,34.50627355214395,145.1569743798292,1
50296.7537852386,32.01926605432437,34.50625565399235,145.25701504676698,1
50282.91947677266,32.019231011952904,34.50623975278728,145.35705571370477,1
50268.86472601257,32.01919689059602,34.50622553975031,145.45709638064255,1
50254.61287096329,32.019163041191916,34.506212706101884,145.5571370475803,1
50240.187249839306,32.0191288146734,34.5062009430611,145.6571777145181,1
50225.61120105814,32.01909356196777,34.506189941845385,145.75721838145589,1
50210.90806323476,32.01905663399668,34.50617939367042,145.85725904839367,1
50196.10117520951,32.019017381676,34.50616898975005,145.95729971533143,1
50181.21169989277,32.018975177584174,34.506158451777395,146.05734038226922,1
50166.224509575404,32.018929755644315,34.50614800976248,146.157381049207,1
50151.09450082388,32.018881148247964,34.506138313582646,146.2574217161448,1
50135.775671531446,32.01882939673361,34.5061300257073,146.35746238308255,1
50120.22201961838,32.018774542438265,34.506123808610354,146.45750305002034,1
50104.3875430217,32.018716626697206,34.5061203247704,146.55754371695812,1
50088.22623974737,32.01865569084355,34.506120236670874,146.6575843838959,1
50071.69210786,32.01859177620804,34.50612420680044,146.75762505083367,1
50054.73914554622,32.01852492411847,34.506132897653366,146.85766571777145,1
50037.321351131424,32.018455175899454,34.50614697173009,146.95770638470924,1
50019.39272314403,32.01838257287184,34.50616709153784,147.05774705164703,1
50000.90726034716,32.01830715635233,34.50619391959133,147.15778771858479,1
49981.818961805664,32.018228967652924,34.506228118413674,147.25782838552257,1
49962.08182695322,32.01814804808042,34.50627035053721,147.35786905246036,1
49941.64985565655,32.018064438935816,34.50632127850461,147.45790971939815,1
49920.47855572589,32.01797820512426,34.50638153777733,147.5579503863359,1
49898.54795262311,32.01788979555065,34.506451323189246,147.6579910532737,1
49875.85800152924,32.01779997127659,34.50653047139162,147.75803172021148,1
49852.4092349913,32.01770950241824,34.50661880866157,147.85807238714926,1
49828.202185290866,32.01761915910096,34.506716161283215,147.95811305408702,1
49803.237384424545,32.01752971146031,34.506822355548344,148.0581537210248,1
49777.51536408067,32.01744192964312,34.5069372177569,148.1581943879626,1
49751.036655644886,32.01735658380846,34.507060574217505,148.25823505490038,1
49723.8017902039,32.017274444128724,34.50719225124783,148.35827572183814,1
49695.81129857432,32.01719628079059,34.50733207517517,148.45831638877593,1
49667.0657113269,32.017122863996114,34.50747987233679,148.5583570557137,1
49637.56555884518,32.01705496396367,34.507635469080256,148.6583977226515,1
49607.31137137208,32.01699335092898,34.50779869176388,148.75843838958926,1
49576.30367908161,32.01693879514613,34.50796936675701,148.85847905652705,1
49544.54301216453,32.01689206688852,34.508147320440294,148.95851972346483,1
49512.03136933409,32.01685388184031,34.50833236086421,149.05856039040262,1
49478.79404706042,32.01682408927575,34.50852400507899,149.15860105734038,1
49444.87497959845,32.016801845339316,34.50872153732176,149.25864172427816,1
49410.31862294115,32.01678628675849,34.50892423529083,149.35868239121595,1
49375.16943276487,32.01677655025073,34.50913137666209,149.45872305815374,1
49339.47186428774,32.01677177252247,34.50934223908694,149.5587637250915,1
49303.270372128114,32.016771090268215,34.50955610019062,149.65880439202928,1
49266.60941019282,32.0167736401697,34.509772237570736,149.75884505896707,1
49229.53343159333,32.01677855889518,34.50998992879593,149.85888572590486,1
49192.08688858338,32.01678498309871,34.51020845140494,149.9589263928426,1
49154.314232503995,32.01679204941957,34.51042708290576,150.0589670597804,1
49116.259913765825,32.016798894481795,34.51064510077506,150.1590077267182,1
49077.96838184632,32.01680465489366,34.51086178245797,150.25904839365597,1
49039.48408531677,32.01680846724736,34.51107640536789,150.35908906059373,1
49000.85147187393,32.016809468118716,34.51128824688671,150.45912972753152,1
48962.11597718857,32.01680682640004,34.51149657738419,150.5591703944693,1
48923.338343039155,32.01680021151197,34.51170055912863,150.6592110614071,1
48884.59136111848,32.01678968694121,34.51189926927676,150.75925172834485,1
48845.94814810064,32.016775326836985,34.51209178265591,150.85929239528264,1
48807.48181988951,32.016757205356036,34.51227717406551,150.95933306222042,1
48769.265491689555,32.016735396662554,34.51245451827846,151.0593737291582,1
48731.372278104536,32.01670997492799,34.512622890042536,151.15941439609597,1
48693.87529324368,32.01668101433093,34.51278136408212,151.25945506303376,1
48656.84765082691,32.016648589056636,34.51292901510007,151.35949572997154,1
48620.36246433854,32.016612773296735,34.513064917779744,151.45953639690933,1
48584.492847145535,32.0165736412487,34.513188146787314,151.5595770638471,1
48549.31191266887,32.01653126711526,34.513297776774195,151.65961773078487,1
48514.89277453814,32.01648572510377,34.51339288237971,151.75965839772266,1
48481.308546778746,32.01643708942545,34.51347253823395,151.85969906466045,1
48448.632343996316,32.01638543429456,34.5135358189608,151.9597397315982,1
48416.93220500834,32.01633084087148,34.51358187865043,152.059780398536,1
48386.19947046507,32.01627349522992,34.51361107205816,152.15982106547378,1
48356.366059022956,32.01621366472354,34.513624684190404,152.25986173241157,1
48327.362339744344,32.016151618825155,34.51362402436621,152.35990239934932,1
48299.118682506494,32.01608762700656,34.51361040193862,152.4599430662871,1
48271.56545773707,32.01602195873928,34.51358512629087,152.5599837332249,1
48244.63303617854,32.015954883495404,34.513549506832966,152.66002440016268,1
48218.2517886702,32.015886670748294,34.513504852998636,152.76006506710044,1
48192.352085973136,32.015817589973146,34.513452474242584,152.86010573403823,1
48166.86429859977,32.01574791064758,34.51339368003818,152.96014640097602,1
48141.71879669186,32.01567790225209,34.51332977987546,153.0601870679138,1
48116.84594990127,32.01560783427036,34.51326208325951,153.16022773485156,1
48092.17612730898,32.01553797618972,34.513191899709206,153.26026840178935,1
48067.639697374776,32.01546859750123,34.513120538756255,153.36030906872713,1
48043.16702789161,32.01539996769992,34.51304930994475,153.46034973566492,1
48018.6910903519,32.01533232978957,34.51297948759693,153.56039040260268,1
47994.18326556962,32.01526553601636,34.51291182640576,153.66043106954046,1
47969.64421892166,32.01519914069745,34.51284668488479,153.76047173647825,1
47945.075353037566,32.0151326906447,34.512784411581066,153.86051240341604,1
47920.478070689365,32.01506573266358,34.51272535504733,153.9605530703538,1
47895.85377481487,32.01499781355304,34.512669863841865,154.06059373729158,1
47871.20386853255,32.014928480105404,34.51261828652832,154.16063440422937,1
47846.52975517884,32.01485727910626,34.51257097167545,154.26067507116716,1
47821.8328383388,32.014783757334285,34.5125282678569,154.36071573810491,1
47797.11452188529,32.014707461561194,34.5124905236509,154.4607564050427,1
47772.376210027374,32.01462793855153,34.512458087639914,154.5607970719805,1
47747.61930736154,32.01454473506252,34.512431308410285,154.66083773891827,1
47722.84521892946,32.01445739784395,34.512410534551876,154.76087840585603,1
47698.05535027757,32.01436547363794,34.512396114657506,154.86091907279382,1
47673.25110753253,32.014268509178834,34.51238839732267,154.9609597397316,1
47648.43335514795,32.01416607718479,34.51238769690412,155.0610004066694,1
47623.59514893126,32.014058124642716,34.512393834701314,155.16104107360715,1
47598.7236858597,32.013944879348614,34.512406262078684,155.26108174054494,1
47573.8060208559,32.013826575913896,34.512424421416966,155.36112240748272,1
47548.82920886483,32.01370344895195,34.51244775508967,155.4611630744205,1
47523.78030479513,32.013575733078305,34.512475705463665,155.56120374135827,1
47498.64636346139,32.01344366291081,34.51250771489952,155.66124440829606,1
47473.414439525455,32.0133074730697,34.512543225752005,155.76128507523384,1
47448.0715874508,32.01316739817781,34.51258168037038,155.86132574217163,1
47422.60486145783,32.01302367286057,34.51262252109869,155.9613664091094,1
47397.00131548289,32.01287653174615,34.512665190276074,156.06140707604717,1
47371.248003149405,32.01272620946554,34.512709130236885,156.16144774298496,1
47345.331977737136,32.012572940652554,34.51275378331089,156.26148840992275,1
47319.24029216729,32.012416959943934,34.51279859182336,156.3615290768605,1
47292.95999897737,32.0122585019793,34.51284299809505,156.4615697437983,1
47266.47887445334,32.01209779518219,34.51288649310851,156.56161041073608,1
47239.79487772845,32.01193498052455,34.512929252203364,156.66165107767387,1
47212.91348619945,32.01177013441137,34.51297195599057,156.76169174461162,1
47185.84035310801,32.01160333173886,34.513015296898665,156.8617324115494,1
47158.58113179263,32.0114346474038,34.51305996736278,156.9617730784872,1
47131.14147569146,32.011264156303476,34.51310665982481,157.06181374542498,1
47103.52703835908,32.0110919333357,34.51315606673337,157.16185441236274,1
47075.74347348977,32.010918053398605,34.51320888054395,157.26189507930053,1
47047.79643493891,32.01074259139065,34.51326579371888,157.36193574623832,1
47019.6915767584,32.01056562221036,34.513327498727456,157.4619764131761,1
46991.43455324788,32.0103872207561,34.51339468804593,157.56201708011386,1
46963.03101898264,32.01020746192592,34.513468054157634,157.66205774705165,1
46934.48662889004,32.010026420617166,34.51354828955299,157.76209841398943,1
46905.80703829788,32.00984417172623,34.51363608672955,157.86213908092722,1
46876.99790300336,32.00966079014812,34.5137321381921,157.96217974786498,1
46848.06577339396,32.009476363939505,34.513837072403796,158.06222041480277,1
46819.029480315745,32.00929116196405,34.513950638087366,158.16226108174055,1
46789.91677574068,32.00910558445301,34.51407194481288,158.26230174867834,1
46760.75561151281,32.008920034606405,34.51420008775759,158.3623424156161,1
46731.573938442394,32.0087349156373,34.514334162089966,158.46238308255388,1
46702.399706255645,32.00855063077232,34.514473262969624,158.56242374949167,1
46673.26086350344,32.008367583252,34.514616485547286,158.66246441642946,1
46644.18535752222,32.00818617633105,34.51476292496473,158.76250508336724,1
46615.20113439951,32.00800681327851,34.51491167635462,158.862545750305,1
46586.336138954386,32.00782989737787,34.51506183484056,158.9625864172428,1
46557.618314724416,32.00765583192695,34.515212495536915,159.06262708418058,1
46529.0756039815,32.00748502023784,34.51536275354882,159.16266775111836,1
46500.73594774958,32.00731786563664,34.51551170397206,159.26270841805612,1
46472.62728584744,32.007154771463114,34.515658441892995,159.3627490849939,1
46444.77755693812,32.00699614107032,34.5158020623885,159.4627897519317,1
46417.21329446137,32.00684234765301,34.51594168947117,159.56283041886948,1
46389.94218903873,32.00669335955201,34.51607683556005,159.66287108580724,1
46362.958461338654,32.00654885567026,34.516207290745534,159.76291175274503,1
46336.25604078919,32.00640850863661,34.51633285112689,159.8629524196828,1
46309.82885723468,32.00627199107305,34.516453312799875,159.9629930866206,1
46283.67084093299,32.00613897559468,34.51656847185682,160.06303375355836,1
46257.775922533125,32.00600913480995,34.51667812438684,160.16307442049614,1
46232.1380330883,32.00588214132065,34.51678206647594,160.26311508743393,1
46206.75110403728,32.00575766772199,34.51688009420718,160.36315575437172,1
46181.60906720627,32.00563538660273,34.51697200366087,160.46319642130948,1
46156.70585481729,32.00551497054513,34.51705759091472,160.56323708824726,1
46132.0353994919,32.00539609212508,34.517136652044094,160.66327775518505,1
46107.59163425211,32.0052784239121,34.51720898312212,160.76331842212284,1
46083.36849253718,32.00516163846935,34.51727438022002,160.8633590890606,1
46059.359908218496,32.00504540835373,34.51733263940722,160.96339975599838,1
46035.55885243788,32.00492942717379,34.51738357589056,161.06344042293617,1
46011.94566761982,32.004813664649184,34.51742725582787,161.16348108987395,1
45988.49181244243,32.004698284730935,34.51746392191166,161.2635217568117,1
45965.16856074706,32.004583455412565,34.51749382051386,161.3635624237495,1
45941.94718647003,32.00446934468664,34.51751719801012,161.4636030906873,1
45918.79896361567,32.00435612054478,34.517534300779424,161.56364375762507,1
45895.69516623672,32.00424395097788,34.51754537520368,161.66368442456283,1
45872.60706842318,32.004133003976264,34.51755066766733,161.76372509150062,1
45849.505944273435,32.00402344752981,34.51755042455698,161.8637657584384,1
45826.36306789238,32.0039154496281,34.5175448922611,161.9638064253762,1
45803.149713367224,32.00380917826065,34.51753431716973,162.06384709231395,1
45779.837154759094,32.00370480141708,34.517518945674254,162.16388775925174,1
45756.3966660928,32.00360248708728,34.51749902416706,162.26392842618952,1
45732.799521345645,32.00350240326164,34.51747479904147,162.3639690931273,1
45709.0169944372,32.00340471793133,34.51744651669152,162.46400976006507,1
45685.018667570315,32.003309589327785,34.51741442584645,162.56405042700285,1
45660.75244483352,32.00321705060373,34.51737880515366,162.66409109394064,1
45636.15122548118,32.003127048333106,34.517339953969135,162.76413176087843,1
45611.14760869648,32.00303952735446,34.51729817206338,162.8641724278162,1
45585.674193713814,32.002954432502776,34.517253759207186,162.96421309475397,1
45559.663579785265,32.00287170860992,34.51720701517171,163.06425376169176,1
45533.04836618528,32.00279130050474,34.51715823972844,163.16429442862955,1
45505.76115219109,32.00271315301349,34.51710773264942,163.2643350955673,1
45477.734537068754,32.00263721095986,34.517055793707385,163.3643757625051,1
45448.90112007037,32.002563419165426,34.51700272267597,163.46441642944288,1
45419.19350042753,32.00249172244959,34.51694881933011,163.56445709638066,1
45388.54427733645,32.00242206562998,34.516894383446314,163.66449776331842,1
45356.88604996074,32.00235439352245,34.516839714803154,163.7645384302562,1
45324.15141742304,32.00228865094129,34.51678511318168,163.864579097194,1
45290.27297880966,32.002224782699294,34.51673087836605,163.96461976413178,1
45255.18808329478,32.002162724597845,34.516677323934225,164.06466043106954,1
45218.89358136244,32.00210229957436,34.51662493620969,164.16470109800733,1
45181.42684708163,32.00204325369922,34.5165743191738,164.26474176494511,1
45142.82603265066,32.001985331564754,34.516526079083256,164.3647824318829,1
45103.129290253855,32.00192827776057,34.516480822211946,164.46482309882066,1
45062.37477206625,32.00187183687304,34.51643915485188,164.56486376575845,1
45020.600630290806,32.001815753484486,34.51640168331389,164.66490443269623,1
44977.84501718171,32.00175977217273,34.51636901392839,164.76494509963402,1
44934.14608507976,32.00170363751037,34.51634175304589,164.86498576657178,1
44889.5419864608,32.00164709406416,34.516320507037484,164.96502643350956,1
44844.07087398972,32.00158988639444,34.516305882295164,165.06506710044735,1
44797.7709005652,32.00153175905442,34.51629848523215,165.16510776738514,1
44750.68021939322,32.00147245658965,34.51629892228294,165.2651484343229,1
44702.83698404953,32.001411723537345,34.51630779990343,165.36518910126068,1
44654.2793485634,32.00134930442574,34.5163257245708,165.46522976819847,1
44605.04680712242,32.001284939867844,34.516353270597705,165.56527043513626,1
44555.19526016712,32.00121832263515,34.51639061815591,165.665311102074,1
44504.791602190584,32.001149113436334,34.516437683295194,165.7653517690118,1
44453.90293079056,32.00107697237838,34.51649437719827,165.8653924359496,1
44402.59634417482,32.00100155955708,34.51656061104493,165.96543310288737,1
44350.93894116115,32.00092253505718,34.51663629601062,166.06547376982513,1
44298.99782119412,32.00083955895259,34.51672134326509,166.16551443676292,1
44246.84008434415,32.000752291306746,34.51681566397113,166.2655551037007,1
44194.53283134475,32.00066039217286,34.51691916928315,166.3655957706385,1
44142.14316359442,32.000563521594444,34.51703177034595,166.46563643757625,1
44089.73818317894,32.00046133960577,34.51715337829347,166.56567710451404,1
44037.3849929031,32.000353506232464,34.51728390424753,166.66571777145182,1
43985.15069630183,32.00023968149215,34.51742325931662,166.7657584383896,1
43933.10239768587,32.00011952539509,34.51757135459471,166.86579910532737,1
43881.307202151045,31.999992697945142,34.51772810116011,166.96583977226516,1
43829.82759110071,31.999858889246525,34.5178933886558,167.06588043920294,1
43778.670668837614,31.999718149915882,34.51806685022465,167.16592110614073,1
43727.807028586045,31.99957076826739,34.51824794989303,167.2659617730785,1
43677.206618508324,31.999417036822386,34.518436148687734,167.36600244001627,1
43626.83938631043,31.99925724811216,34.51863090762321,167.46604310695406,1
43576.6752791591,31.999091694677873,34.51883168770259,167.56608377389185,1
43526.684243594296,31.998920669070436,34.51903794991878,167.6661244408296,1
43476.83622545749,31.99874446385041,34.5192491552554,167.7661651077674,1
43427.10116981994,31.99856337158794,34.5194647646876,167.86620577470518,1
43377.44902092405,31.998377684862575,34.519684239182766,167.96624644164297,1
43327.84972211532,31.99818769626328,34.51990703970139,168.06628710858072,1
43278.2732157968,31.99799369838828,34.52013262719747,168.1663277755185,1
43228.68944337871,31.99779598384501,34.520360462619145,168.2663684424563,1
43179.06834524032,31.997594845250056,34.52059000690912,168.36640910939408,1
43129.37986069359,31.99739057522902,34.52082072100491,168.46644977633184,1
43079.59664126672,31.997183457631248,34.52105209055276,168.56649044326963,1
43029.723113656975,31.99697367342885,34.5212838906186,168.66653111020742,1
42979.78431646526,31.99676133686208,34.52151608400629,168.7665717771452,1
42929.80563669,31.99654656104949,34.52174863669132,168.86661244408296,1
42879.81246112753,31.996329459116726,34.52198151464592,168.96665311102075,1
42829.83017637115,31.996110144196635,34.52221468383895,169.06669377795853,1
42779.884168813005,31.995888729429353,34.52244811023599,169.16673444489632,1
42729.99982462544,31.995665327962378,34.52268175979928,169.26677511183408,1
42680.20252976287,31.99544005295064,34.522915598487785,169.36681577877187,1
42630.51766996086,31.995213017556576,34.5231495922571,169.46685644570965,1
42580.97063072957,31.99498433495019,34.52338370705956,169.56689711264744,1
42531.58679734357,31.994754118309093,34.52361790884422,169.6669377795852,1
42482.391554852016,31.994522480818528,34.523852163556846,169.76697844652298,1
42433.41028805915,31.994289535671424,34.524086437139914,169.86701911346077,1
42384.66838153731,31.99405539606839,34.52432069553267,169.96705978039856,1
42336.191189220175,31.993820165775425,34.52455490345964,170.06710044733632,1
42288.003716775216,31.99358384040159,34.524789011763794,170.1671411142741,1
42240.130747725256,31.993346346530274,34.525022962426355,170.2671817812119,1
42192.59706206806,31.993107609629952,34.525256697279744,170.36722244814968,1
42145.42743987497,31.992867555171408,34.52549015815103,170.46726311508743,1
42098.64666128717,31.99262610862777,34.52572328686189,170.56730378202522,1
42052.2795065213,31.99238319547464,34.52595602522871,170.667344448963,1
42006.35075587407,31.992138741190185,34.526188315062655,170.7673851159008,1
41960.885189717636,31.99189267125524,34.52642009816973,170.86742578283855,1
41915.907588511705,31.99164491115341,34.52665131635082,170.96746644977634,1
41871.44273279887,31.991395386371227,34.52688191140183,171.06750711671413,1
41827.51540321298,31.991144022398206,34.52711182511371,171.1675477836519,1
41784.150380473584,31.99089074472703,34.52734099927257,171.26758845058967,1
41741.37244540267,31.990635478853658,34.52756937565978,171.36762911752746,1
41699.20637891628,31.990378150277483,34.527796896052074,171.46766978446524,1
41657.67294750642,31.990118692014875,34.52802348405549,171.56771045140303,1
41616.747928831726,31.989857121283915,34.5282488596943,171.6677511183408,1
41576.37885339372,31.989593508166546,34.528472615175495,171.76779178527858,1
41536.51281404961,31.989327923559607,34.528694340731995,171.86783245221636,1
41497.09690304659,31.98906043835669,34.528913626600385,171.96787311915415,1
41458.07821200974,31.988791123447847,34.52913006302117,172.0679137860919,1
41419.403831975535,31.988520049719305,34.52934324023886,172.1679544530297,1
41381.020853396505,31.98824728805316,34.52955274850198,172.26799511996748,1
41342.87636616267,31.98797290932711,34.529758178063084,172.36803578690527,1
41304.91745961923,31.98769698441413,34.52995911917865,172.46807645384303,1
41267.09122258425,31.987419584182234,34.53015516210883,172.5681171207808,1
41229.344743388705,31.987140779494137,34.53034589711729,172.6681577877186,1
41191.62510988861,31.98686064120697,34.53053091447083,172.76819845465639,1
41153.87940950226,31.986579240171984,34.53070980443898,172.86823912159414,1
41116.05472924188,31.986296647234244,34.53088215729354,172.96827978853193,1
41078.09951334726,31.986012937369438,34.5310475811618,173.06832045546972,1
41039.97709167097,31.985728230909967,34.5312058799371,173.1683611224075,1
41001.6599885812,31.985442676204638,34.53135697843441,173.26840178934526,1
40963.12086415384,31.985156422013965,34.53150080325745,173.36844245628305,1
40924.332378292456,31.98486961709614,34.53163728101139,173.46848312322084,1
40885.267190740444,31.984582410206986,34.53176633830237,173.56852379015862,1
40845.89796109311,31.98429495009998,34.53188790173704,173.66856445709638,1
40806.19734879397,31.98400738552623,34.53200189792213,173.76860512403417,1
40766.138013145886,31.983719865234544,34.53210825346395,173.86864579097195,1
40725.69261332229,31.983432537971428,34.53220689496788,173.96868645790974,1
40684.83380837273,31.983145552481172,34.532297749037916,174.0687271248475,1
40643.534257227555,31.982859057505824,34.532380742276175,174.16876779178529,1
40601.76661871467,31.982573201785378,34.53245580128231,174.26880845872307,1
40559.5035515707,31.982288134057768,34.53252285265308,174.36884912566086,1
40516.71771443542,31.982004003059032,34.532581822981776,174.46888979259862,1
40473.38234820776,31.981720934724407,34.53263265994718,174.5689304595364,1
40429.47694226727,31.98143881035201,34.532675537515956,174.6689711264742,1
40384.984783537686,31.981157362579637,34.5327107671587,174.76901179341198,1
40339.88921338227,31.980876321937302,34.53273866228505,174.86905246034974,1
40294.173574041575,31.980595418943135,34.53275953630522,174.96909312728752,1
40247.821208593436,31.980314384103302,34.532773702630294,175.0691337942253,1
40200.81546093151,31.980032947911923,34.53278147467253,175.1691744611631,1
40153.13967573363,31.979750840850897,34.53278316584575,175.26921512810085,1
40104.777198433876,31.979467793389894,34.53277908956562,175.36925579503864,1
40055.71137519926,31.97918353598606,34.532769559250006,175.46929646197643,1
40005.92555292323,31.978897799083878,34.53275488831925,175.5693371289142,1
39955.403079200536,31.978610313114995,34.53273539019653,175.66937779585197,1
39904.12730230391,31.978320808497955,34.532711378308164,175.76941846278976,1
39852.08157119341,31.97802901563798,34.532683166083935,175.86945912972755,1
39799.24923549313,31.97773466492665,34.53265106695737,175.96949979666533,1
39745.619894862175,31.977437514571,34.532615398936976,176.0695404636031,1
39691.24877850525,31.977137615027544,34.5325765280389,176.16958113054088,1
39636.23034550622,31.97683519146741,34.532534848980674,176.26962179747866,1
39580.65958165098,31.976530471434184,34.53249075687457,176.36966246441645,1
39524.63147215452,31.976223682496652,34.53244464684247,176.4697031313542,1
39468.24100162741,31.97591505224927,34.532396914016374,176.569743798292,1
39411.58315406926,31.975604808312763,34.53234795353875,176.66978446522978,1
39354.75291283522,31.975293178334443,34.53229816056292,176.76982513216757,1
39297.84526063688,31.97498038998864,34.53224793025314,176.86986579910533,1
39240.955179536715,31.974666670976887,34.53219765778481,176.9699064660431,1
39184.1776509257,31.97435224902813,34.532147738344435,177.0699471329809,1
39127.60765553266,31.974037351898794,34.53209856712949,177.1699877999187,1
39071.34017342329,31.973722207372838,34.5320505393483,177.27002846685644,1
39015.47018400021,31.97340704326166,34.53200405021969,177.37006913379423,1
38960.092666019686,31.973092087403934,34.53195949497267,177.47010980073202,1
38905.29648751207,31.97277758576389,34.53191724665685,177.5701504676698,1
38851.107706076466,31.972463970376797,34.53187745023203,177.67019113460756,1
38797.51544552669,31.972151782692407,34.53184011653506,177.77023180154535,1
38744.508355745114,31.971841565575772,34.531805254684166,177.87027246848314,1
38692.07508534286,31.97153386190674,34.53177287379566,177.97031313542092,1
38640.204281685874,31.971229214579463,34.53174298298404,178.07035380235868,1
38588.88459092751,31.97092816650202,34.53171559136226,178.17039446929647,1
38538.10465804301,31.97063126059594,34.53169070804183,178.27043513623425,1
38487.85312686302,31.97033903979584,34.53166834213307,178.37047580317204,1
38438.118640137836,31.97005204704904,34.53164850274525,178.4705164701098,1
38388.88983956911,31.969770825315177,34.53163119898682,178.5705571370476,1
38340.1553658871,31.969495917565887,34.531616439965596,178.67059780398537,1
38291.903858903795,31.969227866784475,34.53160423478891,178.77063847092316,1
38244.12395758089,31.968967215965613,34.53159459256384,178.87067913786092,1
38196.80430011824,31.968714508115042,34.53158752239745,178.9707198047987,1
38149.93270596489,31.96847024612448,34.531583050874275,179.0707604717365,1
38103.48876154795,31.968234529086622,34.53158138046771,179.17080113867428,1
38057.44729198329,31.96800722252558,34.5315828153897,179.27084180561204,1
38011.783065131865,31.967788189111403,34.531587661096694,179.37088247254982,1
37966.47084954195,31.967577291503442,34.531596223051615,179.4709231394876,1
37921.48541445285,31.9673743923506,34.53160880672398,179.5709638064254,1
37876.80152978562,31.967179354291616,34.53162571759016,179.67100447336315,1
37832.39396613743,31.966992039955425,34.531647261133536,179.77104514030094,1
37788.237494783476,31.966812311961345,34.531673742844745,179.87108580723873,1
37744.3068876788,31.96664003291935,34.531705468221936,179.97112647417651,1
37700.57691745553,31.966475065430295,34.53174274277107,180.07116714111427,1
37657.02235742565,31.966317272086123,34.531785872006104,180.17120780805206,1
37613.617981593125,31.966166515470068,34.531835161449344,180.27124847498985,1
37570.33856465481,31.966022658156817,34.53189091663173,180.37128914192763,1
37527.158882007,31.965885562712657,34.53195344309318,180.4713298088654,1
37484.05480300449,31.965755068318707,34.53202298115346,180.57137047580318,1
37441.01297002472,31.96563078380097,34.53209912839473,180.67141114274096,1
37398.02615476493,31.96551218692137,34.53218111671189,180.77145180967875,1
37355.08720027469,31.965398753912567,34.5322681737553,180.8714924766165,1
37312.18894997891,31.96528996099379,34.5323595271584,180.9715331435543,1
37269.324247567914,31.96518528437122,34.532454404537276,181.07157381049208,1
37226.485936918296,31.965084200238255,34.53255203349005,181.17161447742987,1
37183.66686201841,31.964986184775857,34.53265164159654,181.27165514436763,1
37140.85986690223,31.96489071415266,34.5327524564178,181.37169581130541,1
37098.057795608416,31.964797264525206,34.53285370549595,181.4717364782432,1
37055.253492149524,31.96470531203796,34.53295461635385,181.571777145181,1
37012.439800490625,31.964614332823377,34.533054416495,181.67181781211875,1
36969.609564546496,31.96452380300182,34.533152333403486,181.77185847905653,1
36926.75562818814,31.964433198681522,34.53324759454391,181.87189914599432,1
36883.87083526421,31.964341995958414,34.53333942736152,181.9719398129321,1
36840.94398086332,31.96424969120765,34.53342710958226,182.07198047986986,1
36797.92479338311,31.964155976587726,34.533510404263176,182.17202114680765,1
36754.74113976862,31.96406065381316,34.533589346059316,182.27206181374544,1
36711.320647372864,31.963963525790145,34.533663972609126,182.37210248068322,1
36667.590943807736,31.963864395414237,34.533734321554306,182.47214314762098,1
36623.47965694964,31.963763065570046,34.533800430539344,182.57218381455877,1
36578.914414949715,31.96365933913091,34.53386233721124,182.67222448149656,1
36533.82284624223,31.963553018958503,34.533920079219016,182.77226514843434,1
36488.13257953897,31.963443907902466,34.53397369421348,182.8723058153721,1
36441.77124385256,31.96333180879984,34.53402321984674,182.9723464823099,1
36394.666468497366,31.96321652447467,34.53406869377196,183.07238714924767,1
36346.745883100666,31.963097857737353,34.53411015364296,183.17242781618546,1
36297.937117616646,31.962975611384067,34.53414763711389,183.27246848312322,1
36248.167802329175,31.962849588196182,34.534181181838925,183.372509150061,1
36197.3655678723,31.962719590939457,34.53421082547191,183.4725498169988,1
36145.461034524255,31.962585416813766,34.53423660547749,183.57259048393658,1
36092.4130713623,31.96244681055892,34.53425855753739,183.67263115087434,1
36038.1960957665,31.96230348803323,34.53427671635085,183.77267181781212,1
35982.784687274136,31.962155164777535,34.53429111660489,183.8727124847499,1
35926.15342595242,31.962001556314608,34.53430179298462,183.9727531516877,1
35868.27689242922,31.961842378148376,34.534308780173184,184.07279381862546,1
35809.12966791261,31.96167734576322,34.534312112851836,184.17283448556324,1
35748.68633423932,31.961506174623135,34.534311825699895,184.27287515250103,1
35686.9214738803,31.961328580170985,34.53430795339479,184.37291581943882,1
35623.80966999568,31.961144277827625,34.53430053061205,184.47295648637657,1
35559.32550645806,31.960952982991074,34.534289592025374,184.57299715331436,1
35493.44356789626,31.96075441103565,34.53427517230659,184.67303782025215,1
35426.1384397205,31.960548277311062,34.53425730612571,184.77307848718993,1
35357.38470817916,31.960334297141507,34.53423602815092,184.8731191541277,1
35287.156960381195,31.96011218582469,34.5342113730486,184.97315982106548,1
35215.43610441405,31.959881694411447,34.53418337333579,185.07320048800327,1
35142.26154732518,31.95964290511622,34.534152041649634,185.17324115494105,1
35067.70436305273,31.959396079437063,34.53411737986506,185.2732818218788,1
34991.83593702223,31.95914148064815,34.53407938974968,185.3733224888166,1
34914.72765454091,31.958879372037444,34.53403807307,185.47336315575438,1
34836.450900764205,31.958610016908093,34.53399343159165,185.57340382269217,1
34757.07706065383,31.958333678579695,34.53394546707969,185.67344448962993,1
34676.67751893867,31.958050620389628,34.53389418129887,185.77348515656772,1
34595.323660090566,31.957761105694246,34.533839576013925,185.8735258235055,1
34513.08686827868,31.957465397869967,34.533781652989816,185.9735664904433,1
34430.03852734156,31.957163760314447,34.53372041399203,186.07360715738105,1
34346.250020755455,31.956856456447568,34.53365586078686,186.17364782431883,1
34261.79273161199,31.956543749712388,34.53358799514166,186.27368849125662,1
34176.73804257065,31.956225903576144,34.53351681882516,186.3737291581944,1
34091.157335854135,31.955903181530964,34.533442333607674,186.47376982513217,1
34005.12802290451,31.9555758329048,34.53336460417072,186.57381049206995,1
33918.78218643926,31.955243978392094,34.53328426561063,186.67385115900774,1
33832.28101543989,31.954907670224426,34.533202256738655,186.77389182594553,1
33745.78596905433,31.954566960034736,34.533119519234624,186.87393249288328,1
33659.458505976014,31.954221899495458,34.53303699482359,186.97397315982107,1
33573.46008443646,31.953872540319637,34.53295562527532,187.07401382675886,1
33487.952162207104,31.95351893426189,34.53287635240332,187.17405449369664,1
33403.09619661141,31.95316113311944,34.53280011806341,187.2740951606344,1
33319.053644565865,31.952799188732875,34.53272786415182,187.3741358275722,1
33235.98596261162,31.952433152986867,34.53266053260285,187.47417649450998,1
33154.05460697878,31.952063077810916,34.532599065385995,187.57421716144776,1
33073.42103364784,31.951689015179774,34.53254440450271,187.67425782838552,1
32994.246698421426,31.951311017113976,34.53249749198264,187.7742984953233,1
32916.69305703789,31.950929135680155,34.53245926987939,187.8743391622611,1
32840.921565257944,31.95054342299132,34.532430680265875,187.97437982919888,1
32767.079157891683,31.95015396189499,34.532412575942196,188.07442049613664,1
32695.183778136037,31.949761107881137,34.53240501656858,188.17446116307443,1
32625.185831154697,31.949365359187965,34.532407646508354,188.2745018300122,1
32557.03512860462,31.948967215318408,34.53242010645196,188.37454249695,1
32490.681481027976,31.948567175786636,34.53244203706248,188.47458316388776,1
32426.074697775766,31.948165740116703,34.53247307897796,188.57462383082554,1
32363.164586957544,31.94776340784131,34.5325128728137,188.67466449776333,1
32301.90095537342,31.947360678500672,34.53256105916447,188.77470516470112,1
32242.233608469367,31.94695805164129,34.53261727860656,188.87474583163888,1
32184.112350301817,31.946556026815013,34.53268117169981,188.97478649857666,1
32127.486983479932,31.94615510357802,34.532752378989514,189.07482716551445,1
32072.30730916094,31.945755781489872,34.532830541008245,189.17486783245224,1
32018.52312701475,31.945358560112734,34.53291529827753,189.27490849939,1
31966.084235207178,31.944963939010556,34.53300629130945,189.37494916632778,1
31914.94043039065,31.94457241774837,34.53310316060827,189.47498983326557,1
31865.036906830966,31.944184464714702,34.53320555139262,189.57503050020335,1
31816.278812949546,31.94380027693648,34.53331314996551,189.6750711671411,1
31768.550678072497,31.94341991169663,34.53342566378527,189.7751118340789,1
31721.736860962585,31.943043425094135,34.53354280048578,189.8751525010167,1
31675.721720209345,31.94267087319948,34.53366426770285,189.97519316795447,1
31630.389614210464,31.94230231205533,34.53378977307531,190.07523383489223,1
31585.624901160598,31.941937797677323,34.53391902424607,190.17527450183002,1
31541.3119390402,31.941577386054803,34.534051728862885,190.2753151687678,1
31497.33508561086,31.94122113315162,34.53418759457925,190.3753558357056,1
31453.578698392026,31.940869094906887,34.534326329055006,190.47539650264335,1
31409.927134667523,31.94052132723584,34.53446763995685,190.57543716958114,1
31366.26475147251,31.940177886030543,34.53461123495887,190.67547783651892,1
31322.475905588828,31.939838827160845,34.53475682174283,190.7755185034567,1
31278.44495354127,31.939504206475164,34.53490410799842,190.87555917039447,1
31234.056251592003,31.939174079801315,34.53505280142338,190.97559983733225,1
31189.205637339503,31.938848473683333,34.535202607837135,191.07564050427004,1
31143.886873517185,31.938527165061284,34.5353532169749,191.17568117120783,1
31098.143306129612,31.938209804498612,34.535504310418425,191.27572183814559,1
31052.018667272292,31.937896041578206,34.53565556967545,191.37576250508337,1
31005.55668971315,31.93758552588428,34.535806676242615,191.47580317202116,1
30958.801106854342,31.93727790700187,34.53595731160521,191.57584383895895,1
30911.79565273039,31.936972834516524,34.53610715723689,191.6758845058967,1
30864.584061971866,31.936669958013898,34.53625589459956,191.7759251728345,1
30817.21006980911,31.93636892707946,34.53640320514323,191.87596583977228,1
30769.717412060127,31.93606939129825,34.53654877030604,191.97600650671006,1
30722.149825121276,31.935771000254583,34.536692271514276,192.07604717364782,1
30674.55104597658,31.93547340353195,34.53683339018248,192.1760878405856,1
30626.964812187478,31.93517625071275,34.5369718077136,192.2761285075234,1
30579.434861916117,31.934879191378318,34.5371072054993,192.37616917446118,1
30532.00493392069,31.934581875108712,34.53723926492017,192.47620984139894,1
30484.7131743012,31.934283966280738,34.537367695006196,192.57625050833673,1
30437.550978683867,31.933985252955086,34.537492435974045,192.6762911752745,1
30390.486466103233,31.9336855847663,34.53761354315168,192.7763318422123,1
30343.48758617323,31.933384811787437,34.53773107271017,192.87637250915006,1
30296.522288945504,31.933082784080643,34.537845080823686,192.97641317608785,1
30249.55852493923,31.93277935169708,34.537955623669184,193.07645384302563,1
30202.56424510479,31.932474364676928,34.53806275742641,193.17649450996342,1
30155.50740086008,31.932167673049285,34.53816653827773,193.27653517690118,1
30108.355944072828,31.931859126832126,34.53826702240797,193.37657584383896,1
30061.077827061526,31.931548576032174,34.538364266004415,193.47661651077675,1
30013.64100261312,31.93123587064478,34.53845832525654,193.57665717771454,1
29966.013423975557,31.930920860653877,34.53854925635605,193.6766978446523,1
29918.16304486338,31.93060339603173,34.53863711549665,193.77673851159008,1
29870.057819465175,31.93028332673887,34.53872195887406,193.87677917852787,1
29821.66570244357,31.929960502723862,34.53880384268583,193.97681984546566,1
29772.954693904147,31.92963478218169,34.53888281469557,194.0768605124034,1
29723.893162648194,31.92930609095145,34.53895885356126,194.1769011793412,1
29674.449658004567,31.928974387985388,34.53903190410801,194.276941846279,1
29624.5927307019,31.928639632453386,34.539101910929524,194.37698251321677,1
29574.290931650437,31.92830178351615,34.53916881861925,194.47702318015453,1
29523.512811939232,31.927960800325096,34.53923257177031,194.57706384709232,1
29472.226922844537,31.927616642022098,34.53929311497525,194.6771045140301,1
29420.401815833524,31.927269267739323,34.53935039282594,194.7771451809679,1
29368.006042570807,31.926918636598987,34.539404349913376,194.87718584790565,1
29315.008154923096,31.92656470771318,34.539454930827524,194.97722651484344,1
29261.376704962924,31.92620744018365,34.539502080157106,195.07726718178122,1
29207.080244976096,31.92584679310155,34.539545742489445,195.177307848719,1
29152.08732746262,31.92548272554725,34.53958586241028,195.27734851565677,1
29096.366505151615,31.9251151965901,34.539622384503495,195.37738918259456,1
29039.88633099664,31.924744165288182,34.539655253351064,195.47742984953234,1
28982.617726666853,31.92436960042151,34.53968443177454,195.57747051647013,1
28924.550633044913,31.92399154892073,34.539710029077156,195.6775111834079,1
28865.684146289714,31.923610095338823,34.53973222507684,195.77755185034567,1
28806.017421019264,31.923225324469385,34.53975120004452,195.87759251728346,1
28745.549611725844,31.922837321106144,34.539767134253175,195.97763318422125,1
28684.279872765765,31.922446170043077,34.539780207977934,196.077673851159,1
28622.207358342595,31.922051956074526,34.539790601496264,196.1777145180968,1
28559.331222500652,31.9216547639954,34.53979849508803,196.27775518503458,1
28495.650619111024,31.921254678601247,34.539804069035675,196.37779585197237,1
28431.16470185574,31.92085178468849,34.539807503624395,196.47783651891012,1
28365.87262422312,31.92044616705445,34.53980897914226,196.5778771858479,1
28299.77353950031,31.92003791049755,34.53980867588031,196.6779178527857,1
28232.866600751877,31.919627099817408,34.53980677413282,196.77795851972348,1
28165.150960828178,31.91921381981501,34.53980345419735,196.87799918666124,1
28096.62577234488,31.91879815529281,34.53979889637499,196.97803985359903,1
28027.297238716856,31.91838021687462,34.53979329299421,197.07808052053682,1
27957.227067623287,31.917960318444717,34.53978693103738,197.1781211874746,1
27886.503235683776,31.91753887011868,34.53978014229131,197.27816185441236,1
27815.213875050656,31.917116282627056,34.53977325881893,197.37820252135015,1
27743.44711650908,31.916692966741596,34.539766612692006,197.47824318828793,1
27671.291089502163,31.916269333275615,34.539760535991356,197.57828385522572,1
27598.833922095597,31.91584579308444,34.53975536080708,197.67832452216348,1
27526.163741005585,31.915422757065564,34.5397514192386,197.77836518910127,1
27453.368671592325,31.91500063615874,34.53974904339476,197.87840585603905,1
27380.53683787398,31.91457984134605,34.53974856539379,197.97844652297684,1
27307.756362544373,31.91416078365163,34.53975031736324,198.0784871899146,1
27235.115367000923,31.913743874141495,34.53975463143981,198.17852785685238,1
27162.701971361414,31.913329523923107,34.539761839769156,198.27856852379017,1
27090.604294507764,31.91291814414486,34.539772274505665,198.37860919072796,1
27018.910454102792,31.91251014599547,34.53978626781207,198.47864985766572,1
26947.700299662538,31.91210593249616,34.53980412745733,198.5786905246035,1
26876.989879403263,31.911705843362505,34.5398259728962,198.6787311915413,1
26806.765552630648,31.911310188849953,34.5398518359543,198.77877185847908,1
26737.013512761332,31.91091927905791,34.53988174797053,198.87881252541683,1
26667.719952471554,31.91053342409358,34.53991574028475,198.97885319235462,1
26598.871063726954,31.910152934071732,34.5399538442379,199.0788938592924,1
26530.453037817962,31.909778119114698,34.5399960911723,199.1789345262302,1
26462.45206538774,31.909409289352144,34.54004251243185,199.27897519316795,1
26394.854336478747,31.909046754921054,34.54009313936222,199.37901586010574,1
26327.646040565334,31.908690825965646,34.54014800331113,199.47905652704353,1
26260.81336659286,31.9083418126373,34.540207135628584,199.5790971939813,1
26194.34250302892,31.90800002509444,34.54027056766705,199.67913786091907,1
26128.219637902454,31.907665773502615,34.54033833078179,199.77917852785686,1
26062.430958841927,31.90733936803438,34.54041045633104,199.87921919479464,1
25996.962653145194,31.907021118869302,34.540486975676245,199.97925986173243,1
25931.801414765418,31.90671125619841,34.54056789705987,200.0793005286702,1
25866.937774005346,31.906409404903,34.54065305376247,200.17934119560798,1
25802.364017651416,31.90611491292534,34.540742199017124,200.27938186254576,1
25738.07244332414,31.905827126746843,34.54083508563525,200.37942252948355,1
25674.055350333452,31.905545392819526,34.540931466419956,200.4794631964213,1
25610.30503955763,31.905269057566514,34.54103109416574,200.5795038633591,1
25546.81381338183,31.90499746738243,34.54113372165827,200.67954453029688,1
25483.57397560589,31.904729968633777,34.54123910167413,200.77958519723467,1
25420.57783138752,31.904465907659343,34.5413469869807,200.87962586417243,1
25357.817687182687,31.904204630770543,34.541457130335914,200.9796665311102,1
25295.285850700922,31.90394548425173,34.54156928448817,201.079707198048,1
25232.97463085968,31.903687814360516,34.54168320217624,201.17974786498579,1
25170.876337757334,31.903430967328106,34.54179863612917,201.27978853192354,1
25108.98328266386,31.90317428935948,34.54191533906625,201.37982919886133,1
25047.287777986377,31.902917126633717,34.542033063697005,201.47986986579912,1
24985.780291213654,31.90265887754613,34.54215157548143,201.5799105327369,1
24924.437593461014,31.90239932808751,34.54227073454831,201.67995119967466,1
24863.230295871384,31.90213843856559,34.54239044360386,201.77999186661245,1
24802.128980100155,31.90187617011744,34.542510605557496,201.88003253355024,1
24741.10422783345,31.90161248387431,34.542631123317996,201.98007320048802,1
24680.12662077602,31.901347340961546,34.54275189979344,202.08011386742578,1
24619.16674066428,31.901080702498586,34.54287283789131,202.18015453436357,1
24558.195169259794,31.900812529598852,34.542993840518534,202.28019520130135,1
24497.18248835299,31.90054278336965,34.543114810581436,202.38023586823914,1
24436.099279762246,31.900271424912205,34.54323565098583,202.4802765351769,1
24374.91612534318,31.899998415321452,34.54335626463697,202.58031720211468,1
24313.603606973775,31.899723715686054,34.543476554439586,202.68035786905247,1
24252.132306574844,31.89944728708826,34.54359642329779,202.78039853599026,1
24190.47280609794,31.899169090603827,34.543715774115206,202.88043920292802,1
24128.595687532797,31.898889087301974,34.543834509794785,202.9804798698658,1
24066.47054137569,31.89860723459778,34.54395254745185,203.0805205368036,1
24004.059743843973,31.898323463360278,34.54406990761541,203.18056120374138,1
23941.322481837124,31.898037692715107,34.54418665653794,203.28060187067913,1
23878.21792837046,31.89774984172458,34.54430286067863,203.38064253761692,1
23814.70525671076,31.897459829439473,34.54441858650092,203.4806832045547,1
23750.743640378118,31.897167574898884,34.54453390047249,203.5807238714925,1
23686.292253150605,31.89687299712998,34.54464886906526,203.68076453843025,1
23621.310269060545,31.896576015147797,34.54476355875537,203.78080520536804,1
23555.756862413138,31.896276547955114,34.54487803602325,203.88084587230583,1
23489.591207767837,31.8959745145421,34.54499236735361,203.9808865392436,1
23422.77247996349,31.895669833886167,34.54510661923548,204.08092720618137,1
23355.259854109026,31.895362424951685,34.545220858162295,204.18096787311916,1
23287.01250559278,31.895052206689716,34.54533515063186,204.28100854005694,1
23217.989610088058,31.894739098037803,34.54544956314647,204.38104920699473,1
23148.15034355223,31.894423017919586,34.54556416221294,204.4810898739325,1
23077.465099523775,31.894103932024098,34.545678983591536,204.58113054087028,1
23005.984313760884,31.893782139839015,34.54579384361413,204.68117120780806,1
22933.79320666846,31.893458085947987,34.5459084632407,204.78121187474585,1
22860.977139431983,31.89313221556392,34.546022563029155,204.8812525416836,1
22787.62147194799,31.89280497393741,34.54613586352458,204.9812932086214,1
22713.81156282127,31.89247680635729,34.54624808525906,205.08133387555918,1
22639.632769352756,31.892148158151162,34.546358948751525,205.18137454249697,1
22565.17044754699,31.891819474685732,34.54646817450781,205.28141520943473,1
22490.50995210465,31.89149120136706,34.54657548302053,205.3814558763725,1
22415.736636438407,31.891163783640636,34.54668059476915,205.4814965433103,1
22340.935852686875,31.890837666991384,34.546783230220164,205.5815372102481,1
22266.192951723002,31.890513296943514,34.54688310982712,205.68157787718584,1
22191.593283197843,31.890191119060216,34.5469799540308,205.78161854412363,1
22117.22219554428,31.889871578943346,34.54707348325955,205.88165921106142,1
22043.16503602732,31.889555122232828,34.547163417929475,205.9816998779992,1
21969.499642502517,31.88924212302659,34.54724947814192,206.08174054493696,1
21896.25130536314,31.888932454495936,34.5473313818675,206.18178121187475,1
21823.42286852654,31.888625775806556,34.547408846161424,206.28182187881254,1
21751.017092486843,31.888321745304733,34.54748158806588,206.38186254575032,1
21679.036738560535,31.888020021320763,34.547549324613804,206.48190321268808,1
21607.48456890136,31.887720262169026,34.547611772829164,206.58194387962587,1
21536.363346486352,31.887422126148113,34.54766864972731,206.68198454656365,1
21465.675835151225,31.8871252715409,34.54771967231528,206.78202521350144,1
21395.424799579196,31.886829356614662,34.547764557592295,206.8820658804392,1
21325.613005336374,31.88653403962116,34.54780302255,206.982106547377,1
21256.243218880147,31.886238978796733,34.54783478417305,207.08214721431477,1
21187.318207585253,31.885943832362404,34.54785955943946,207.18218788125256,1
21118.840739772655,31.885648258523943,34.54787706532113,207.28222854819032,1
21050.813584741205,31.885351915471944,34.547887018784344,207.3822692151281,1
20983.23951279372,31.885054461381948,34.54788913679024,207.4823098820659,1
20916.113412263803,31.884755577802977,34.54788314974849,207.58235054900368,1
20849.376059009694,31.88445510681981,34.547868880415116,207.68239121594144,1
20782.945508396253,31.88415295791002,34.54784619032053,207.78243188287922,1
20716.739738194272,31.88384904076242,34.54781494112706,207.882472549817,1
20650.67672673706,31.883543265045027,34.54777499449458,207.9825132167548,1
20584.674452933483,31.883235540404637,34.547726212079596,208.08255388369255,1
20518.650896295905,31.882925776466635,34.54766845553427,208.18259455063034,1
20452.52403696254,31.882613882834523,34.54760158650537,208.28263521756813,1
20386.21185570862,31.882299769089613,34.54752546663322,208.38267588450591,1
20319.632333977148,31.881983344790605,34.54743995755066,208.48271655144367,1
20252.703453903086,31.881664519473173,34.54734492088184,208.58275721838146,1
20185.34319832176,31.8813432026495,34.54724021824121,208.68279788531925,1
20117.469550809823,31.88101930380779,34.54712571123215,208.78283855225703,1
20049.000495694578,31.880692732411788,34.54700126144592,208.8828792191948,1
19979.8540180875,31.880363397900272,34.546866730460316,208.98291988613258,1
19909.955357101746,31.880031241916445,34.54672205496056,209.08296055307036,1
19839.27859272342,31.879696423111582,34.5465676774686,209.18300122000815,1
19767.817959952168,31.87935918970352,34.54640424926769,209.2830418869459,1
19695.56775623653,31.879019790200836,34.546232422308634,209.3830825538837,1
19622.522278079763,31.878678473122307,34.54605284855454,209.48312322082148,1
19548.675820963457,31.878335486997617,34.54586617998114,209.58316388775927,1
19474.02267925907,31.877991080368073,34.54567306857732,209.68320455469703,1
19398.557146167383,31.87764550178721,34.545474166345514,209.78324522163481,1
19322.273513659835,31.877298999821377,34.545270125302196,209.8832858885726,1
19245.166072411463,31.87695182305043,34.54506159747851,209.9833265555104,1
19167.229111759923,31.876604220068216,34.54484923492085,210.08336722244817,1
19088.456919662654,31.876256439483125,34.5446336896915,210.18340788938593,1
19008.84378266614,31.87590872991857,34.54441561386937,210.28344855632372,1
18928.383985882625,31.8755613400135,34.54419565955068,210.3834892232615,1
18847.07181295473,31.875214518422826,34.543974478849854,210.4835298901993,1
18764.911169772036,31.87486844369994,34.543752822250546,210.58357055713705,1
18681.969531919807,31.874522831237535,34.54353208993988,210.68361122407484,1
18598.340157831088,31.87417720857796,34.54331394567544,210.78365189101262,1
18514.11637886148,31.873831102733543,34.54310005404823,210.8836925579504,1
18429.391525685787,31.873484040722467,34.54289207973089,210.98373322488817,1
18344.258928441443,31.87313554956781,34.542691687477934,211.08377389182596,1
18258.811916883104,31.872785156296473,34.54250054212541,211.18381455876374,1
18173.143820606172,31.87243238793805,34.542320308589886,211.28385522570153,1
18087.347969294526,31.87207677152364,34.54215265186678,211.3838958926393,1
18001.51769302413,31.8717178340846,34.541999237028065,211.48393655957707,1
17915.746322597377,31.87135510265106,34.541861729219235,211.58397722651486,1
17830.12718994636,31.870988104250596,34.54174179365576,211.68401789345265,1
17744.753628534265,31.87061636590666,34.5416410956187,211.7840585603904,1
17659.718973860145,31.87023941463695,34.54156130044982,211.8840992273282,1
17575.11656394601,31.86985677745176,34.54150407354598,211.98413989426598,1
17491.02735375613,31.869468054533673,34.54147080739429,212.08418056120377,1
17407.452032476664,31.869073320311333,34.541461125579836,212.18422122814152,1
17324.35929611884,31.868672838246457,34.541473946549374,212.2842618950793,1
17241.71775936056,31.868266872286952,34.54150818686787,212.3843025620171,1
17159.49603802804,31.867855686378835,34.54156276304711,212.48434322895488,1
17077.662748741917,31.867439544467608,34.5416365915487,212.58438389589264,1
16996.186508592218,31.86701871049953,34.54172858878688,212.68442456283043,1
16915.03593482729,31.866593448422822,34.541837671131134,212.78446522976822,1
16834.17964456603,31.866164022188777,34.54196275490869,212.884505896706,1
16753.58625451196,31.86573069575289,34.542102756406834,212.98454656364376,1
16673.22438071668,31.865293733075774,34.54225659187504,213.08458723058155,1
16593.062638324685,31.864853398124183,34.54242317752691,213.18462789751933,1
16513.069641355425,31.864409954871878,34.542601429542074,213.28466856445712,1
16433.21400250774,31.863963667300357,34.54279026406767,213.38470923139488,1
16353.464332967997,31.863514799399677,34.54298859721996,213.48474989833267,1
16273.791524802335,31.863063601077442,34.543195359330824,213.58479056527045,1
16194.18098132126,31.862610232653285,34.54340957127768,213.68483123220824,1
16114.623789357953,31.86215481935938,34.54363028938927,213.784871899146,1
16035.111047632992,31.861697486355222,34.543856570050075,213.88491256608378,1
15955.633853398263,31.861238358809956,34.54408746961773,213.98495323302157,1
15876.183302346617,31.860777561902847,34.544322044423495,214.08499389995936,1
15796.750488567166,31.860315220823484,34.54455935077261,214.18503456689712,1
15717.326504499651,31.859851460771964,34.54479844494446,214.2850752338349,1
15637.902440882288,31.85938640695912,34.54503838319299,214.3851159007727,1
15558.469386757351,31.858920184606525,34.54527822174664,214.48515656771048,1
15479.018429446965,31.85845291894654,34.54551701680872,214.58519723464823,1
15399.540654554032,31.85798473522225,34.54575382455733,214.68523790158602,1
15320.02714599669,31.85751575868734,34.54598770114539,214.7852785685238,1
15240.468986021355,31.85704611460594,34.54621770270071,214.8853192354616,1
15160.857255258597,31.856575928252273,34.54644288532577,214.98535990239935,1
15081.181594637223,31.856105345868848,34.54666239259781,215.08540056933714,1
15001.422671820968,31.85563464445672,34.54687591394603,215.18544123627493,1
14921.55769975949,31.855164151355474,34.54708334891938,215.2854819032127,1
14841.56388299726,31.854694194019824,34.54728459751,215.38552257015047,1
14761.418424936011,31.85422509991414,34.547479559711846,215.48556323708826,1
14681.098527842201,31.853757196512433,34.54766813552029,215.58560390402604,1
14600.58139286656,31.853290811298436,34.5478502249316,215.68564457096383,1
14519.844220054336,31.85282627176573,34.54802572794247,215.7856852379016,1
14438.86420837976,31.852363905417796,34.54819454454943,215.88572590483938,1
14357.61855575163,31.851904039768225,34.548356574748425,215.98576657177716,1
14276.084459050559,31.85144700234083,34.548511718534186,216.08580723871495,1
14194.23911414668,31.85099312066984,34.548659875899716,216.1858479056527,1
14112.059715931304,31.85054272230014,34.54880094683569,216.2858885725905,1
14029.523458352312,31.850096134787425,34.5489348313299,216.38592923952828,1
13946.607534441166,31.849653685698545,34.54906142936663,216.48596990646607,1
13863.298207967542,31.84921564891317,34.54918072504795,216.58601057340383,1
13779.637273794971,31.848781969608968,34.549293217422814,216.6860512403416,1
13695.687532157637,31.848352468637195,34.549399600326176,216.7860919072794,1
13611.511823947541,31.847926966621472,34.549500567973055,216.88613257421719,1
13527.172991280444,31.847505284190607,34.54959681459469,216.98617324115494,1
13442.733877425082,31.847087241978546,34.54968903443969,217.08621390809273,1
13358.257326745428,31.84667266062411,34.54977792177488,217.18625457503052,1
13273.806184659712,31.84626136077093,34.54986417088617,217.2862952419683,1
13189.443297594786,31.845853163067172,34.54994847607912,217.38633590890606,1
13105.231512958184,31.845447888165406,34.55003153167938,217.48637657584385,1
13021.233679099008,31.84504535672247,34.550114032033,217.58641724278164,1
12937.512645301409,31.844645389399233,34.55019667150656,217.68645790971942,1
12854.131261773407,31.844247806860455,34.5502801444871,217.78649857665718,1
12771.15237963479,31.843852429774582,34.55036514538192,217.88653924359497,1
12688.638850927353,31.84345907881357,34.550452368618224,217.98657991053275,1
12606.642714249901,31.843067518448077,34.55054241412281,218.08662057747054,1
12525.151048663072,31.842677175523793,34.550635314063754,218.1866612444083,1
12444.126792173833,31.842287351370647,34.55073088958994,218.28670191134609,1
12363.532844618894,31.841897347064734,34.55082896149085,218.38674257828387,1
12283.332107888535,31.841506463637863,34.550929350548294,218.48678324522166,1
12203.48748590704,31.841114002078022,34.55103187753637,218.58682391215942,1
12123.961884662509,31.84071926332971,34.55113636322159,218.6868645790972,1
12044.718212214299,31.840321548294245,34.551242628363035,218.786905246035,1
11965.719378736801,31.839920157829955,34.55135049371238,218.88694591297278,1
11886.928296543658,31.839514392752317,34.551459780014,218.98698657991054,1
11808.307880156673,31.839103553833926,34.55157030800516,219.08702724684832,1
11729.821046356112,31.838686941804465,34.55168189841606,219.1870679137861,1
11651.430714245886,31.838263857350633,34.55179437197002,219.2871085807239,1
11573.099805350415,31.837833601115793,34.55190754938353,219.38714924766165,1
11494.791243689135,31.83739547369976,34.552021251366526,219.48718991459944,1
11416.470062424429,31.836948852721708,34.55213532065386,219.58723058153723,1
11338.113714405335,31.836493570039867,34.55224972984758,219.687271248475,1
11259.704187685624,31.836029623386963,34.55236449897493,219.78731191541277,1
11181.223477448337,31.83555701073392,34.55247964813465,219.88735258235056,1
11102.653579334728,31.835075730045556,34.5525951974271,219.98739324928835,1
11023.976489440538,31.83458577928036,34.55271116695438,220.08743391622613,1
10945.174204320647,31.834087156390222,34.55282757682022,220.1874745831639,1
10866.228720987216,31.8335798593202,34.55294444713006,220.28751525010168,1
10787.122036911547,31.83306388600827,34.55306179799095,220.38755591703946,1
10707.836150022224,31.83253923438506,34.553179649511655,220.48759658397725,1
10628.353058708832,31.832005902373673,34.55329802180258,220.587637250915,1
10548.654761821963,31.831463887889328,34.553416934975814,220.6876779178528,1
10468.723258665763,31.830913188839197,34.5535364091451,220.78771858479058,1
10388.540549014695,31.830353803122126,34.55365646442587,220.88775925172837,1
10308.08863309864,31.8297857286284,34.55377712093521,220.98779991866613,1
10227.353747205809,31.829209062583857,34.55389839079272,221.0878405856039,1
10146.346630267799,31.828624476937446,34.55402023984348,221.1878812525417,1
10065.086809172295,31.828032849873818,34.55414261733166,221.2879219194795,1
9983.593818404712,31.827435059894597,34.5542654724817,221.38796258641725,1
9901.887188585475,31.826831985552804,34.554388754519884,221.48800325335503,1
9819.98644637037,31.826224505453347,34.55451241267426,221.58804392029282,1
9737.911114377901,31.825613498253425,34.55463639617478,221.6880845872306,1
9655.680711110123,31.82499984266292,34.554760654253215,221.78812525416836,1
9573.314750901423,31.824384417444804,34.55488513614334,221.88816592110615,1
9490.832743885927,31.823768101415315,34.5550097910808,221.98820658804394,1
9408.254195974208,31.823151773444216,34.55513456830321,222.08824725498172,1
9325.598608838394,31.822536312454982,34.55525941705012,222.18828792191948,1
9242.885479930788,31.821922597424848,34.55538428656299,222.28832858885727,1
9160.134302487597,31.821311507384962,34.55550912608526,222.38836925579506,1
9077.36456559226,31.820703921420257,34.55563388486223,222.48840992273284,1
8994.589022523724,31.820100655155912,34.55575845287863,222.5884505896706,1
8911.782202770934,31.819502163646906,34.55588238364383,222.6884912566084,1
8828.905162026174,31.81890877485233,34.55600511205954,222.78853192354617,1
8745.918939083815,31.818320816593424,34.55612607288361,222.88857259048396,1
8662.784571040422,31.817738616696854,34.55624470086284,222.98861325742172,1
8579.46309334226,31.817162502994957,34.556360430732305,223.0886539243595,1
8495.915539841168,31.816592803326127,34.556472697214616,223.1886945912973,1
8412.102942862548,31.816029845535116,34.556580935018985,223.28873525823508,1
8327.98633327894,31.815473957473422,34.55668457884036,223.38877592517284,1
8243.526740584522,31.814925466999636,34.55678306335822,223.48881659211062,1
8158.685192976147,31.81438470197987,34.55687582323543,223.5888572590484,1
8073.4227174595,31.81385199028812,34.55696229311696,223.6888979259862,1
7987.700339929201,31.81332765980673,34.5570419076284,223.78893859292396,1
7901.479085281491,31.8128120384268,34.557114101374516,223.88897925986174,1
7814.719977528788,31.812305454048595,34.557178308937516,223.98901992679953,1
7727.391481941566,31.811808102577135,34.55723411493231,224.08906059373732,1
7639.503535337746,31.811319444313984,34.557281940154375,224.18910126067507,1
7551.080438233912,31.81083868481169,34.557322494960445,224.28914192761286,1
7462.146508844569,31.81036502934028,34.55735649000317,224.38918259455065,1
7372.726068953052,31.809897683134096,34.557384635952026,224.48922326148843,1
7282.843443736434,31.809435851391243,34.55740764349513,224.5892639284262,1
7192.522961635143,31.808978739273083,34.55742622334086,224.68930459536398,1
7101.788954211399,31.80852555190378,34.55744108621941,224.78934526230177,1
7010.66575605236,31.808075494369756,34.557452942884076,224.88938592923955,1
6919.177704674192,31.807627771719343,34.55746250411234,224.9894265961773,1
6827.349140461534,31.807181588962308,34.5574704807069,225.0894672631151,1
6735.204406608827,31.80673615106945,34.557477583496414,225.18950793005288,1
6642.767849103548,31.806290662972184,34.557484523336115,225.28954859699067,1
6550.063816701062,31.80584432956221,34.55749201110825,225.38958926392843,1
6457.116660943255,31.80539635569119,34.55750075772235,225.48962993086622,1
6363.9524047952145,31.804946074367496,34.557511380159475,225.589670597804,1
6270.606199554168,31.804493519757962,34.557523981523836,225.6897112647418,1
6177.116300562397,31.804038964565965,34.55753849011041,225.78975193167955,1
6083.520964822732,31.803582681719835,34.55755483406592,225.88979259861733,1
5989.858448392712,31.803124944174762,34.55757294153406,225.98983326555512,1
5896.167006392032,31.802666024912988,34.557592740655494,226.0898739324929,1
5802.484892971814,31.802206196943878,34.557614159567756,226.18991459943067,1
5708.850361327641,31.801745733303996,34.55763712640523,226.28995526636845,1
5615.301663680002,31.801284907057155,34.557661569299135,226.38999593330624,1
5521.877051277086,31.80082399129446,34.557687416377426,226.49003660024403,1
5428.614774391055,31.800363259134258,34.55771459576484,226.59007726718178,1
5335.553082315251,31.799902983722074,34.55774303558282,226.69011793411957,1
5242.730223363265,31.79944343823055,34.557772663949486,226.79015860105736,1
5150.184444879182,31.798984895859288,34.557803408979666,226.89019926799514,1
5057.95399322547,31.79852762983475,34.55783519878485,226.9902399349329,1
4966.072031873278,31.79807187026327,34.55786799559314,227.0902806018707,1
4874.544440395199,31.797617615626955,34.55790194481182,227.19032126880847,1
4783.367981818505,31.7971647870021,34.55793725306405,227.29036193574626,1
4692.539413092658,31.796713305404257,34.55797412702346,227.39040260268402,1
4602.0554914958775,31.796263091842793,34.55801277337108,227.4904432696218,1
4511.912974664941,31.795814067320855,34.558053398795124,227.5904839365596,1
4422.108620564453,31.795366152835467,34.55809620999098,227.69052460349738,1
4332.639187526889,31.794919269377484,34.55814141366108,227.79056527043514,1
4243.501434231177,31.794473337931617,34.55818921651483,227.89060593737292,1
4154.692119714804,31.794028279476496,34.55823982526853,227.9906466043107,1
4066.208003392443,31.793584014984546,34.55829344664522,228.0906872712485,1
3978.045845044777,31.793140465422105,34.55835028737465,228.19072793818626,1
3890.2024048445746,31.79269755174936,34.558410554193145,228.29076860512404,1
3802.674443345517,31.79225519492035,34.558474453843516,228.39080927206183,1
3715.4587215119973,31.79181331588296,34.55854219307495,228.49084993899962,1
3628.5473624859005,31.791371836791193,34.55861398306356,228.59089060593737,1
3541.908046915196,31.790930686178847,34.55869005828865,228.69093127287516,1
3455.5004330165684,31.790489794661696,34.55877066088496,228.79097193981295,1
3369.2841746993363,31.790049092840636,34.558856033001035,228.89101260675073,1
3283.2189263254404,31.78960851130035,34.558946416795,228.9910532736885,1
3197.2643427159637,31.78916798060929,34.559042054434755,229.09109394062628,1
3111.3800791716203,31.78872743131958,34.559143188098155,229.19113460756407,1
3025.525791492313,31.788286793966922,34.559250059973365,229.29117527450185,1
2939.6611359957606,31.7878459990705,34.559362912259104,229.3912159414396,1
2853.7457695389166,31.787404977132837,34.55948198716496,229.4912566083774,1
2767.7393495300785,31.786963658639703,34.559607526911776,229.59129727531518,1
2681.601533971727,31.786521974059934,34.559739773731955,229.69133794225297,1
2595.291981458664,31.786079853845276,34.55987896986992,229.79137860919073,1
2508.7703512180597,31.785637228430236,34.56002535758257,229.89141927612852,1
2421.9963031252846,31.78519402823188,34.560179179139624,229.9914599430663,1
2334.93734846171,31.78475018659893,34.560340541721416,230.0915006100041,1
2247.601611283608,31.78430565212645,34.56050885361164,230.19154127694185,1
2160.0103086913005,31.783860378332097,34.56068329774608,230.29158194387963,1
2072.184663698077,31.78341431874261,34.56086305692017,230.39162261081742,1
1984.145898788236,31.782967426891833,34.561047313898314,230.4916632777552,1
1895.9152358602732,31.782519656320964,34.56123525141351,230.59170394469297,1
1807.5138961803168,31.782070960578963,34.56142605216697,230.69174461163075,1
1718.9631003458053,31.781621293222585,34.5616188988279,230.79178527856854,1
1630.2840682622045,31.781170607816776,34.56181297403322,230.89182594550633,1
1541.4980191104114,31.780718857934623,34.562007460387456,230.99186661244408,1
1452.6261713597924,31.780265997157542,34.56220154046263,231.09190727938187,1
1363.6897427523509,31.779811979075234,34.5623943967982,231.19194794631966,1
1274.70995031856,31.779356757285743,34.562585211901144,231.29198861325744,1
1185.7080103987828,31.77890028539531,34.562773168246004,231.3920292801952,1
1096.7051386730745,31.778442517018316,34.5629574482751,231.492069947133,1
1007.7154673943296,31.777983335305173,34.563137316664566,231.59211061407078,1
918.7171609727666,31.77752226552745,34.56331245583047,231.69215128100856,1
829.6769960653037,31.77705871959717,34.56348268046723,231.79219194794632,1
740.5617468766868,31.776592109338925,34.56364780531486,231.8922326148841,1
651.3381897108629,31.776121846534565,34.563807645106685,231.9922732818219,1
561.9731030408293,31.77564734292284,34.56396201456938,232.09231394875968,1
472.43326755519956,31.77516801019899,34.56411072842307,232.19235461569744,1
382.68546621967107,31.774683260014292,34.564253601381424,232.29239528263523,1
292.6964843682945,31.77419250397553,34.56439044815185,232.392435949573,1
202.433109767735,31.773695153644354,34.56452108343547,232.4924766165108,1
111.86213271412998,31.77319062053667,34.564645321927394,232.59251728344856,1
20.950346121564507,31.772678316121855,34.5647629783167,232.69255795038634,1
-70.33545437268913,31.772157651822,34.56487386728666,232.79259861732413,1
-162.02847029455006,31.771628039011038,34.56497780351482,232.89263928426192,1
-254.1619002269581,31.771088889013797,34.565074601673174,232.99267995119968,1
-346.7605386842042,31.770539769213354,34.565164156962076,233.09272061813746,1
-439.8072973303497,31.769981025208367,34.56524676606478,233.19276128507525,1
-533.2720636455342,31.769413244664285,34.5653228505419,233.29280195201304,1
-627.124722706154,31.768837015363086,34.56539283200985,233.3928426189508,1
-721.3351614428684,31.768252925127488,34.56545713210096,233.49288328588858,1
-815.8732687793672,31.76766156182187,34.5655161724633,233.59292395282637,1
-910.7089357366785,31.76706351335322,34.56557037476045,233.69296461976415,1
-1005.8120555542409,31.76645936767176,34.56562016067127,233.7930052867019,1
-1101.1525237886235,31.765849712771846,34.565665951889855,233.8930459536397,1
-1196.700238397345,31.765235136692546,34.56570817012519,233.9930866205775,1
-1292.4250998264179,31.76461622751819,34.56574723710116,234.09312728751527,1
-1388.2970110867172,31.763993573378983,34.56578357455632,234.19316795445303,1
-1484.2858778061345,31.763367762451356,34.565817604243826,234.29320862139082,1
-1580.3616082947701,31.762739382958415,34.565849747931274,234.3932492883286,1
-1676.4941135859117,31.762109023170172,34.56588042740067,234.4932899552664,1
-1772.6550153298303,31.7614772755522,34.565910010091144,234.59333062220415,1
-1868.8242965601385,31.76084475291906,34.565938597421066,234.69337128914194,1
-1964.984496358782,31.760212074331562,34.56596620955353,234.79341195607972,1
-2061.118157473393,31.759579858896704,34.56599286663252,234.8934526230175,1
-2157.207825667225,31.7589487257661,34.56601858880313,234.99349328995527,1
-2253.236049719155,31.758319294135976,34.5660433962115,235.09353395689305,1
-2349.185381400399,31.75769218324704,34.56606730900477,235.19357462383084,1
-2445.0383754605427,31.757068012384362,34.56609034733107,235.29361529076863,1
-2540.777589582838,31.75644740087727,34.56611253133948,235.3936559577064,1
-2636.3855843562633,31.755830968099076,34.56613388117999,235.49369662464417,1
-2731.844923227094,31.755219333466947,34.56615441700349,235.59373729158196,1
-2827.138172440231,31.75461311644155,34.56617415896174,235.69377795851975,1
-2922.2479009833187,31.754012936526788,34.56619312720733,235.7938186254575,1
-3017.156680520624,31.753419413269558,34.56621134189365,235.8938592923953,1
-3111.847085309215,31.75283316625922,34.56622882317491,235.99389995933308,1
-3206.3063832391053,31.752254708768987,34.566245608447204,236.09394062627086,1
-3300.5443834364414,31.75168404306601,34.56626181794881,236.19398129320862,1
-3394.57765566092,31.751121018111746,34.56627759677222,236.2940219601464,1
-3488.4227699348703,31.75056548282203,34.56629309001957,236.3940626270842,1
-3582.0962952934206,31.7500172860964,34.566308442798054,236.49410329402198,1
-3675.614799797535,31.749476276818438,34.56632380021997,236.59414396095974,1
-3768.994850556366,31.74894230385588,34.56633930740279,236.69418462789753,1
-3862.2530137477443,31.748415216060927,34.56635510946925,236.79422529483531,1
-3955.405854644254,31.747894862270382,34.56637135154739,236.8942659617731,1
-4048.4699376234785,31.747381091305925,34.56638817877072,236.99430662871086,1
-4141.461826192215,31.74687375197425,34.566405736278234,237.09434729564865,1
-4234.3980830023065,31.74637269306726,34.566424169214535,237.19438796258643,1
-4327.295269869268,31.745877763362287,34.56644362272991,237.29442862952422,1
-4420.169947784394,31.74538881162216,34.56646424198046,237.39446929646198,1
-4513.038676933385,31.744905686595438,34.566486172128144,237.49450996339976,1
-4605.91235733591,31.744428161481856,34.56650955944509,237.59455063033755,1
-4698.775191213936,31.74395565314897,34.56653455541786,237.69459129727534,1
-4791.6035138508305,31.74348747346758,34.56656131307268,237.7946319642131,1
-4884.373656771146,31.743022934259827,34.56658998544111,237.89467263115088,1
-4977.061948897317,31.742561347314005,34.56662072555964,237.99471329808867,1
-5069.644716593437,31.742102024384398,34.56665368646951,238.09475396502646,1
-5162.098283692263,31.741644277191323,34.566689021216554,238.1947946319642,1
-5254.39897151757,31.741187417421106,34.56672688285086,238.294835298902,1
-5346.523098891601,31.740730756726204,34.56676742442659,238.3948759658398,1
-5438.446982141584,31.740273606725278,34.56681079900151,238.49491663277757,1
-5530.14693508856,31.739815279003427,34.566857159636804,238.59495729971533,1
-5621.599269035272,31.73935508511238,34.56690665939657,238.69499796665312,1
-5712.7802927251905,31.73889233657073,34.56695945134744,238.7950386335909,1
-5803.666312329471,31.738426344864358,34.567015688558136,238.8950793005287,1
-5894.233631377108,31.73795642144669,34.56707552409895,238.99511996746645,1
-5984.471085156314,31.737481980774447,34.567139044688325,239.09516063440424,1
-6074.425557806157,31.737002914464686,34.567206029741705,239.19520130134202,1
-6164.160726760514,31.73651925216262,34.56727616976628,239.2952419682798,1
-6253.740271215327,31.736031023511135,34.56734915525047,239.39528263521757,1
-6343.227870441042,31.73553825813645,34.56742467667343,239.49532330215536,1
-6432.687203807756,31.73504098564773,34.56750242450561,239.59536396909314,1
-6522.18195079267,31.734539235636706,34.567582089209075,239.69540463603093,1
-6611.775790994987,31.734033037677236,34.567663361237926,239.7954453029687,1
-6701.532404141501,31.733522421324917,34.56774593103861,239.89548596990647,1
-6791.515470096841,31.733007416116696,34.567829489050084,239.99552663684426,1
-6881.7886688783765,31.73248805157047,34.56791372570406,240.09556730378205,1
-6972.415680652484,31.731964357184633,34.567998331425066,240.1956079707198,1
-7063.460185741074,31.731436362437712,34.568082996630494,240.2956486376576,1
-7154.985864624381,31.73090409678792,34.56816741173058,240.39568930459538,1
-7247.056397955865,31.73036758967278,34.568251267128325,240.49572997153317,1
-7339.721205929294,31.729826930221343,34.56833421514201,240.59577063847092,1
-7432.964865787886,31.729282479075682,34.56841573493889,240.6958113054087,1
-7526.753535809927,31.728734674041505,34.56849525648142,240.7958519723465,1
-7621.05337503925,31.72818395296701,34.5685722097078,240.89589263928428,1
-7715.830544552766,31.727630753738037,34.56864602453509,240.99593330622204,1
-7811.0512074586,31.72707551427845,34.56871613085902,241.09597397315983,1
-7906.68152888678,31.72651867255041,34.568781958553615,241.19601464009762,1
-8002.687675981782,31.725960666554577,34.56884293747105,241.2960553070354,1
-8099.035817868076,31.725401934330296,34.56889849744133,241.39609597397316,1
-8195.692125622183,31.72484291395561,34.56894806827216,241.49613664091095,1
-8292.622772227041,31.724284043547307,34.568991079748564,241.59617730784873,1
-8389.793932529166,31.723725761260855,34.56902696163283,241.69621797478652,1
-8487.171783172525,31.7231685052902,34.569055143664166,241.79625864172428,1
-8584.72250253614,31.72261271386758,34.56907505555854,241.89629930866207,1
-8682.412270663306,31.72205882526326,34.56908612700852,241.99633997559985,1
-8780.214535236359,31.72150706214068,34.56908795103224,242.09638064253764,1
-8878.13518212922,31.72095668444318,34.56908084989415,242.1964213094754,1
-8976.18914210517,31.720406683496964,34.56906534930354,242.29646197641318,1
-9074.391341766343,31.71985605054718,34.5690419749977,242.39650264335097,1
-9172.756703220308,31.719303776769767,34.5690112527337,242.49654331028876,1
-9271.300144103356,31.718748853271567,34.56897370828912,242.59658397722652,1
-9370.036577602848,31.718190271090187,34.56892986746271,242.6966246441643,1
-9468.98091242835,31.717627021193994,34.568880256074856,242.7966653111021,1
-9568.148052797653,31.717058094481857,34.56882539996811,242.89670597803988,1
-9667.552898351103,31.716482481782954,34.56876582500749,242.99674664497763,1
-9767.210344088264,31.715899173856393,34.56870205708072,243.09678731191542,1
-9867.135280252434,31.71530716139087,34.5686346220985,243.1968279788532,1
-9967.342592191882,31.714705435004205,34.56856404599448,243.296868645791,1
-10067.847160224803,31.714092985242786,34.56849085472537,243.39690931272875,1
-10168.66385944467,31.71346880258097,34.56841557427077,243.49694997966654,1
-10269.79505137913,31.712832165581975,34.56833868335476,243.59699064660433,1
-10371.188267677091,31.7121836158901,34.56826045348364,243.6970313135421,1
-10472.776024673134,31.711524041204537,34.568181099408115,243.79707198047987,1
-10574.490842186846,31.71085432931678,34.56810083588595,243.89711264741766,1
-10676.265244096518,31.710175368103172,34.56801987768334,243.99715331435544,1
-10778.031758508645,31.709488045526,34.567938439574654,244.09719398129323,1
-10879.72291790694,31.708793249634567,34.56785673634228,244.197234648231,1
-10981.271259297617,31.708091868565987,34.56777498277646,244.29727531516878,1
-11082.609324323945,31.707384790545756,34.567693393675086,244.39731598210656,1
-11183.669659369625,31.706672903888236,34.56761218384341,244.49735664904435,1
-11284.384815657511,31.705957096996798,34.56753156809399,244.5973973159821,1
-11384.687349312007,31.705238258363924,34.567451761246346,244.6974379829199,1
-11484.509821427986,31.704517276571046,34.56737297812685,244.79747864985768,1
-11583.784798103385,31.70379504028813,34.567295433568425,244.89751931679547,1
-11682.444850467145,31.703072438273185,34.56721934241036,244.99755998373323,1
-11780.438899295405,31.70235025920056,34.5671449545349,245.097600650671,1
-11877.786212596111,31.70162886069072,34.567072670621656,245.1976413176088,1
-11974.524980101734,31.700908484415972,34.56700293191687,245.29768198454659,1
-12070.693393281661,31.700189372044864,34.56693617967685,245.39772265148434,1
-12166.329645074904,31.699471765243423,34.566872855167304,245.49776331842213,1
-12261.471929856576,31.698755905675014,34.566813399663324,245.59780398535992,1
-12356.15844341088,31.698042035000018,34.56675825444936,245.6978446522977,1
-12450.427382892929,31.697330394875706,34.56670786081939,245.79788531923546,1
-12544.316946803592,31.696621226955997,34.566662660077085,245.89792598617325,1
-12637.865334926173,31.695914772891264,34.5666230935361,245.99796665311104,1
-12731.110748302191,31.695211274328212,34.566589602520395,246.09800732004882,1
-12824.09138916526,31.694510972909633,34.56656262836461,246.19804798698658,1
-12916.845460898243,31.693814110274385,34.56654261241462,246.29808865392437,1
-13009.411167975515,31.693120928057184,34.5665299960281,246.39812932086215,1
-13101.826715888456,31.69243166788847,34.5665252205751,246.49816998779994,1
-13194.131137399934,31.691746601716243,34.56652864213935,246.5982106547377,1
-13286.366958169267,31.691066129617862,34.56654025636408,246.69825132167549,1
-13378.577627800405,31.69039068551379,34.566559963699575,246.79829198861327,1
-13470.806597759016,31.68972070332991,34.56658766459588,246.89833265555106,1
-13563.097321334295,31.689056616997778,34.566623259504176,246.99837332248882,1
-13655.493253598921,31.688398860455013,34.566666648877664,247.0984139894266,1
-13748.03785138391,31.68774786764599,34.56671773317236,247.1984546563644,1
-13840.774573210627,31.68710407252225,34.56677641284787,247.29849532330218,1
-13933.746879267506,31.68646790904329,34.56684258836825,247.39853599023994,1
-14026.998231339268,31.685839811177182,34.566916160202666,247.49857665717772,1
-14120.572092767805,31.685220212901395,34.56699702882617,247.5986173241155,1
-14214.511928371154,31.684609548203593,34.56708509472039,247.6986579910533,1
-14308.86120440811,31.68400825108252,34.56718025837425,247.79869865799105,1
-14403.663388489746,31.683416755548976,34.56728242028458,247.89873932492884,1
-14498.96194951795,31.68283549562677,34.56739148095678,247.99877999186663,1
-14594.792195358314,31.682264707456074,34.56750723356806,248.0988206588044,1
-14691.15556771122,31.681703806083963,34.56762902594431,248.19886132574217,1
-14788.044723169878,31.681151993602775,34.567756090403456,248.29890199267996,1
-14885.45231481269,31.680608472064993,34.56788765923581,248.39894265961775,1
-14983.37099241931,31.680072443483066,34.56802296470244,248.49898332655553,1
-15081.793402630836,31.679543109829,34.56816123903359,248.5990239934933,1
-15180.712189094163,31.67901967303383,34.56830171442709,248.69906466043108,1
-15280.119992592372,31.678501334987057,34.568443623046925,248.79910532736886,1
-15380.009451138787,31.677987297536088,34.5685861970221,248.89914599430665,1
-15480.3732000757,31.677476762485647,34.56872866844556,248.9991866612444,1
-15581.20387212187,31.67696893159709,34.56887026937317,249.0992273281822,1
-15682.494097425602,31.67646300658788,34.569010231823036,249.19926799511998,1
-15784.236503582448,31.67595818913073,34.56914778777483,249.29930866205777,1
-15886.423715643585,31.675453680853018,34.56928216916932,249.39934932899553,1
-15989.048356079496,31.674948683335984,34.569412607908,249.4993899959333,1
-16092.099554059096,31.674442542679156,34.56953851302468,249.5994306628711,1
-16195.552216382697,31.673935193890564,34.569660015300265,249.6994713298089,1
-16299.377628875896,31.673426721937766,34.56977742929548,249.79951199674665,1
-16403.54707740713,31.672917211801217,34.569891069581864,249.89955266368443,1
-16508.031847910024,31.672406748474334,34.57000125074195,249.99959333062222,1
-16612.80322639644,31.671895416963753,34.57010828736963,250.09963399756,1
-16717.83249897603,31.671383302289485,34.570212494070304,250.19967466449776,1
-16823.09095187392,31.67087048948501,34.57031418546118,250.29971533143555,1
-16928.54987143632,31.670357063597496,34.57041367617134,250.39975599837334,1
-17034.180544147268,31.669843109687847,34.57051128084208,250.49979666531112,1
-17139.954256638885,31.669328712830843,34.5706073141269,250.59983733224888,1
-17245.842295696028,31.6688139581152,34.57070209069173,250.69987799918667,1
-17351.815948263742,31.668298930643672,34.57079592521499,250.79991866612446,1
-17457.846501459368,31.667783715533083,34.57088913238767,250.89995933306224,1
-17563.905242571607,31.66726839791438,34.57098202691343,251.0,1
